ICODE,INAME,INAME1,OICODE,FICODE,QTY,RATE,SRATE,IVAL,IAMT,INVNO,PCODE,ODATE,DBC
90973,VOLCANO CHOCOLATE CONE,,,,3,113.8,,341.4,341.4,TIC/0023,N0007,04-04-12,SALE
V0973,VOLCANE CHOCOLATE CONE(1*14),,,,2,113.8,,227.6,227.6,TIC/0017,B0014,04-04-12,SALE
V0973,VOLCANE CHOCOLATE CONE(1*14),,,,2,119.3,,238.6,238.6,TIC/0019,K0012,04-04-12,SALE
90973,VOLCANO CHOCOLATE CONE,,,,2,113.8,,227.6,227.6,TIC/0025,N0007,05-04-12,SALE
90973,VOLCANO CHOCOLATE CONE,,,,2,113.8,,227.6,227.6,TIC/0026,D0017,05-04-12,SALE
V0973,VOLCANE CHOCOLATE CONE(1*14),,,,1,119.3,,119.3,119.3,TIC/0029,R0019,05-04-12,SALE
90973,VOLCANO CHOCOLATE CONE,,,,3,113.8,,341.4,341.4,TIC/0038,N0007,06-04-12,SALE
90973,VOLCANO CHOCOLATE CONE,,,,3,113.8,,341.4,341.4,TIC/0045,H0035,07-04-12,SALE
90973,VOLCANO CHOCOLATE CONE,,,,2,113.8,,227.6,227.6,TIC/0046,P0011,07-04-12,SALE
V0973,VOLCANE CHOCOLATE CONE(1*14),,,,2,119.3,,238.6,238.6,TIC/0052,K0013,07-04-12,SALE
V0973,VOLCANE CHOCOLATE CONE(1*14),,,,2,119.3,,238.6,238.6,TIC/0047,P0011,07-04-12,SALE
V0973,VOLCANE CHOCOLATE CONE(1*14),,,,2,119.3,,238.6,238.6,TIC/0050,G0018,07-04-12,SALE
V0973,VOLCANE CHOCOLATE CONE(1*14),,,,3,119.3,,357.9,357.9,TIC/0051,O0006,07-04-12,SALE
V0973,VOLCANE CHOCOLATE CONE(1*14),,,,1,119.2,,119.2,119.2,TIC/0049,J0015,07-04-12,SALE
V0973,VOLCANE CHOCOLATE CONE(1*14),,,,4,119.3,,477.2,477.2,TIC/0063,B0004,08-04-12,SALE
90973,VOLCANO CHOCOLATE CONE,,,,2,113.8,,227.6,227.6,TIC/0066,H0036,09-04-12,SALE
90973,VOLCANO CHOCOLATE CONE,,,,3,113.8,,341.4,341.4,TIC/0067,P0011,09-04-12,SALE
90973,VOLCANO CHOCOLATE CONE,,,,4,113.8,,455.2,455.2,TIC/0064,N0007,09-04-12,SALE
V0973,VOLCANE CHOCOLATE CONE(1*14),,,,2,119.3,,238.6,238.6,TIC/0071,J0010,09-04-12,SALE
90973,VOLCANO CHOCOLATE CONE,,,,1,113.8,,113.8,113.8,TIC/0073,D0017,10-04-12,SALE
90973,VOLCANO CHOCOLATE CONE,,,,5,113.8,,569,569,TIC/0077,D0017,11-04-12,SALE
V0973,VOLCANE CHOCOLATE CONE(1*14),,,,1,119.3,,119.3,119.3,TIC/0079,S0056,11-04-12,SALE
V0973,VOLCANE CHOCOLATE CONE(1*14),,,,2,119.3,,238.6,238.6,TIC/0076,K0012,11-04-12,SALE
V0973,VOLCANE CHOCOLATE CONE(1*14),,,,1,119.2,,119.2,119.2,TIC/0075,A0016,11-04-12,SALE
90973,VOLCANO CHOCOLATE CONE,,,,3,113.8,,341.4,341.4,TIC/0085,P0009,12-04-12,SALE
V0973,VOLCANE CHOCOLATE CONE(1*14),,,,1,119.3,,119.3,119.3,TIC/0081,P0015,12-04-12,SALE
V0973,VOLCANE CHOCOLATE CONE(1*14),,,,2,119.3,,238.6,238.6,TIC/0090,S0043,12-04-12,SALE
90973,VOLCANO CHOCOLATE CONE,,,,2,119.3,,238.6,238.6,TIC/0101,S0045,13-04-12,SALE
90973,VOLCANO CHOCOLATE CONE,,,,10,113.8,,1138,1138,TIC/0092,D0017,13-04-12,SALE
V0973,VOLCANE CHOCOLATE CONE(1*14),,,,3,119.3,,357.9,357.9,TIC/0097,S0056,13-04-12,SALE
V0973,VOLCANE CHOCOLATE CONE(1*14),,,,1,119.3,,119.3,119.3,TIC/0093,S0058,13-04-12,SALE
V0973,VOLCANE CHOCOLATE CONE(1*14),,,,2,119.3,,238.6,238.6,TIC/0113,R0019,14-04-12,SALE
V0973,VOLCANE CHOCOLATE CONE(1*14),,,,6,119.3,,715.8,715.8,TIC/0111,O0006,14-04-12,SALE
90973,VOLCANO CHOCOLATE CONE,,,,3,119.3,,357.9,357.9,TIC/0118,H0035,15-04-12,SALE
90973,VOLCANO CHOCOLATE CONE,,,,4,119.3,,477.2,477.2,TIC/0116,H0041,15-04-12,SALE
90973,VOLCANO CHOCOLATE CONE,,,,4,119.3,,477.2,477.2,TIC/0117,H0034,15-04-12,SALE
90973,VOLCANO CHOCOLATE CONE,,,,1,199.3,,199.3,199.3,TIC/0123,H0042,15-04-12,SALE
90973,VOLCANO CHOCOLATE CONE,,,,5,119.3,,596.5,596.5,TIC/0110,N0007,15-04-12,SALE
90973,VOLCANO CHOCOLATE CONE,,,,2,119.3,,238.6,238.6,TIC/0137,H0028,17-04-12,SALE
90973,VOLCANO CHOCOLATE CONE,,,,4,119.3,,477.2,477.2,TIC/0140,S0054,18-04-12,SALE
90973,VOLCANO CHOCOLATE CONE,,,,1,113.8,,113.8,113.8,TIC/0149,P0015,18-04-12,SALE
90973,VOLCANO CHOCOLATE CONE,,,,1,113.8,,113.8,113.8,TIC/0142,P0016,18-04-12,SALE
90973,VOLCANO CHOCOLATE CONE,,,,2,119.3,,238.6,238.6,TIC/0145,N0007,18-04-12,SALE
90973,VOLCANO CHOCOLATE CONE,,,,2,113.8,,227.6,227.6,TIC/0150,S0043,18-04-12,SALE
V0973,VOLCANE CHOCOLATE CONE(1*14),,,,1,119.3,,119.3,119.3,TIC/0220,S0043,29-04-12,SALE
V0973,VOLCANE CHOCOLATE CONE(1*14),,,,2,199.22,,398.44,398.44,TIC/0218,K0012,29-04-12,SALE
V0973,VOLCANE CHOCOLATE CONE(1*14),,,,1,199.22,,199.22,199.22,TIC/0214,K0013,29-04-12,SALE
V0973,VOLCANE CHOCOLATE CONE(1*14),,,,2,199.22,,398.44,398.44,TIC/0227,K0009,30-04-12,SALE
V0973,VOLCANE CHOCOLATE CONE(1*14),,,,2,199.22,,398.44,398.44,TIC/0431,N0007,01-05-12,SALE
V0973,VOLCANE CHOCOLATE CONE(1*14),,,,2,199.22,,398.44,398.44,TIC/0231,N0007,01-05-12,SALE
V0973,VOLCANE CHOCOLATE CONE(1*14),,,,1,199.22,,199.22,199.22,TIC/0229,S0056,01-05-12,SALE
V0973,VOLCANE CHOCOLATE CONE(1*14),,,,1,199.22,,199.22,199.22,TIC/0226,B0004,01-05-12,SALE
90973,VOLCANO CHOCOLATE CONE,,,,3,113.8,,341.4,341.4,TIC/0232,D0017,02-05-12,SALE
V0973,VOLCANE CHOCOLATE CONE(1*14),,,,1,199.22,,199.22,199.22,TIC/0241,H0028,02-05-12,SALE
V0973,VOLCANE CHOCOLATE CONE(1*14),,,,2,170.7,,341.4,341.4,TIC/0506,P0009,03-05-12,SALE
V0973,VOLCANE CHOCOLATE CONE(1*14),,,,6,199.22,,1195.32,1195.32,TIC/0509,N0007,03-05-12,SALE
V0973,VOLCANE CHOCOLATE CONE(1*14),,,,3,119.3,,357.9,357.9,TIC/0262,J0014,05-05-12,SALE
90973,VOLCANO CHOCOLATE CONE,,,,3,113.8,,341.4,341.4,TIC/0267,N0007,06-05-12,SALE
V0973,VOLCANE CHOCOLATE CONE(1*14),,,,3,113.8,,341.4,341.4,TIC/0277,K0012,06-05-12,SALE
V0973,VOLCANE CHOCOLATE CONE(1*14),,,,6,199.22,,1195.32,1195.32,TIC/0273,O0006,06-05-12,SALE
V0973,VOLCANE CHOCOLATE CONE(1*14),,,,3,199.22,,597.66,597.66,TIC/0283,M0030,06-05-12,SALE
V0973,VOLCANE CHOCOLATE CONE(1*14),,,,2,119.3,,238.6,238.6,TIC/0279,J0014,06-05-12,SALE
90973,VOLCANO CHOCOLATE CONE,,,,4,113.8,,455.2,455.2,TIC/0289,D0017,07-05-12,SALE
90973,VOLCANO CHOCOLATE CONE,,,,5,113.8,,569,569,TIC/0244,N0007,07-05-12,SALE
90973,VOLCANO CHOCOLATE CONE,,,,3,119.3,,357.9,357.9,TIC/0292,P0011,07-05-12,SALE
V0973,VOLCANE CHOCOLATE CONE(1*14),,,,3,119.3,,357.9,357.9,TIC/0291,S0056,07-05-12,SALE
V0973,VOLCANE CHOCOLATE CONE(1*14),,,,3,119.3,,357.9,357.9,TIC/0287,S0045,07-05-12,SALE
V0973,VOLCANE CHOCOLATE CONE(1*14),,,,1,119.3,,119.3,119.3,TIC/0285,R0019,07-05-12,SALE
90973,VOLCANO CHOCOLATE CONE,,,,1,113.8,,113.8,113.8,TIC/0238,D0017,08-05-12,SALE
V0973,VOLCANE CHOCOLATE CONE(1*14),,,,4,119.3,,477.2,477.2,TIC/0325,H0028,08-05-12,SALE
V0973,VOLCANE CHOCOLATE CONE(1*14),,,,2,113.8,,227.6,227.6,TIC/0323,J0010,08-05-12,SALE
90973,VOLCANO CHOCOLATE CONE,,,,4,113.8,,455.2,455.2,TIC/0331,N0007,09-05-12,SALE
90973,VOLCANO CHOCOLATE CONE,,,,15,119.3,,1789.5,1789.5,TIC/0304,D0017,09-05-12,SALE
90973,VOLCANO CHOCOLATE CONE,,,,2,113.8,,227.6,227.6,TIC/0317,H0035,10-05-12,SALE
90973,VOLCANO CHOCOLATE CONE,,,,8,119.3,,954.4,954.4,TIC/0303,S0045,11-05-12,SALE
90973,VOLCANO CHOCOLATE CONE,,,,3,113.8,,341.4,341.4,TIC/0300,N0007,11-05-12,SALE
V0973,VOLCANE CHOCOLATE CONE(1*14),,,,2,113.8,,227.6,227.6,TIC/0307,K0012,11-05-12,SALE
V0973,VOLCANE CHOCOLATE CONE(1*14),,,,1,119.3,,119.3,119.3,TIC/0320,S0043,11-05-12,SALE
V0973,VOLCANE CHOCOLATE CONE(1*14),,,,4,119.3,,477.2,477.2,TIC/0306,O0006,11-05-12,SALE
V0973,VOLCANE CHOCOLATE CONE(1*14),,,,2,119.3,,238.6,238.6,TIC/0332,P0015,12-05-12,SALE
90973,VOLCANO CHOCOLATE CONE,,,,3,113.8,,341.4,341.4,TIC/0340,S0056,12-05-12,SALE
V0973,VOLCANE CHOCOLATE CONE(1*14),,,,1,113.8,,113.8,113.8,TIC/0340,S0056,12-05-12,SALE
V0973,VOLCANE CHOCOLATE CONE(1*14),,,,5,119.3,,596.5,596.5,TIC/0336,F0009,12-05-12,SALE
90973,VOLCANO CHOCOLATE CONE,,,,4,113.8,,455.2,455.2,TIC/0362,P0011,13-05-12,SALE
90973,VOLCANO CHOCOLATE CONE,,,,3,113.8,,341.4,341.4,TIC/0355,M0020,13-05-12,SALE
V0973,VOLCANE CHOCOLATE CONE(1*14),,,,2,113.8,,227.6,227.6,TIC/0364,B0004,13-05-12,SALE
V0973,VOLCANE CHOCOLATE CONE(1*14),,,,6,113.8,,682.8,682.8,TIC/0358,O0006,13-05-12,SALE
V0973,VOLCANE CHOCOLATE CONE(1*14),,,,1,113.8,,113.8,113.8,TIC/0368,S0058,13-05-12,SALE
V0973,VOLCANE CHOCOLATE CONE(1*14),,,,1,113.8,,113.8,113.8,TIC/0353,R0019,13-05-12,SALE
V0973,VOLCANE CHOCOLATE CONE(1*14),,,,1,113.8,,113.8,113.8,TIC/0367,M0030,13-05-12,SALE
90973,VOLCANO CHOCOLATE CONE,,,,1,113.8,,113.8,113.8,TIC/0369,L0004,14-05-12,SALE
90973,VOLCANO CHOCOLATE CONE,,,,4,113.8,,455.2,455.2,TIC/0372,S0044,15-05-12,SALE
V0973,VOLCANE CHOCOLATE CONE(1*14),,,,2,199.22,,398.44,398.44,TIC/0392,N0007,17-05-12,SALE
V0973,VOLCANE CHOCOLATE CONE(1*14),,,,3,170.7,,512.1,512.1,TIC/0393,G0010,17-05-12,SALE
V0973,VOLCANE CHOCOLATE CONE(1*14),,,,2,170.7,,341.4,341.4,TIC/0394,J0010,17-05-12,SALE
V0973,VOLCANE CHOCOLATE CONE(1*14),,,,3,170.7,,512.1,512.1,TIC/0400,S0048,17-05-12,SALE
V0973,VOLCANE CHOCOLATE CONE(1*14),,,,3,199.22,,597.66,597.66,TIC/0395,S0054,17-05-12,SALE
V0973,VOLCANE CHOCOLATE CONE(1*14),,,,5,199.22,,996.1,996.1,TIC/0387,O0006,17-05-12,SALE
V0973,VOLCANE CHOCOLATE CONE(1*14),,,,3,199.22,,597.66,597.66,TIC/0399,H0035,18-05-12,SALE
V0973,VOLCANE CHOCOLATE CONE(1*14),,,,2,199.22,,398.44,398.44,TIC/0409,H0036,18-05-12,SALE
V0973,VOLCANE CHOCOLATE CONE(1*14),,,,5,170.7,,853.5,853.5,TIC/0412,S0056,18-05-12,SALE
V0973,VOLCANE CHOCOLATE CONE(1*14),,,,1,170.7,,170.7,170.7,TIC/0401,V0013,18-05-12,SALE
V0973,VOLCANE CHOCOLATE CONE(1*14),,,,1,170.7,,170.7,170.7,TIC/0404,K0013,18-05-12,SALE
V0973,VOLCANE CHOCOLATE CONE(1*14),,,,3,199.22,,597.66,597.66,TIC/0396,K0012,18-05-12,SALE
V0973,VOLCANE CHOCOLATE CONE(1*14),,,,1,199.22,,199.22,199.22,TIC/0402,M0030,18-05-12,SALE
V0973,VOLCANE CHOCOLATE CONE(1*14),,,,2,170.7,,341.4,341.4,TIC/0413,P0011,19-05-12,SALE
V0973,VOLCANE CHOCOLATE CONE(1*14),,,,3,113.8,,341.4,341.4,TIC/0418,B0004,19-05-12,SALE
90973,VOLCANO CHOCOLATE CONE,,,,6,113.8,,682.8,682.8,TIC/0430,H0034,21-05-12,SALE
V0973,VOLCANE CHOCOLATE CONE(1*14),,,,1,113.8,,113.8,113.8,TIC/0424,R0019,21-05-12,SALE
V0973,VOLCANE CHOCOLATE CONE(1*14),,,,1,199.22,,199.22,199.22,TIC/0444,M0030,22-05-12,SALE
90973,VOLCANO CHOCOLATE CONE,,,,4,113.8,,455.2,455.2,TIC/0438,P0009,23-05-12,SALE
90973,VOLCANO CHOCOLATE CONE,,,,3,113.8,,341.4,341.4,TIC/0462,H0035,24-05-12,SALE
V0973,VOLCANE CHOCOLATE CONE(1*14),,,,1,113.8,,113.8,113.8,TIC/0467,S0043,24-05-12,SALE
V0973,VOLCANE CHOCOLATE CONE(1*14),,,,1,113.8,,113.8,113.8,TIC/0464,K0009,24-05-12,SALE
90973,VOLCANO CHOCOLATE CONE,,,,3,113.8,,341.4,341.4,TIC/0472,H0034,25-05-12,SALE
V0973,VOLCANE CHOCOLATE CONE(1*14),,,,1,113.8,,113.8,113.8,TIC/0473,R0019,25-05-12,SALE
90973,VOLCANO CHOCOLATE CONE,,,,5,113.8,,569,569,TIC/0479,S0045,26-05-12,SALE
90973,VOLCANO CHOCOLATE CONE,,,,3,113.8,,341.4,341.4,TIC/0487,N0007,26-05-12,SALE
V0973,VOLCANE CHOCOLATE CONE(1*14),,,,2,113.8,,227.6,227.6,TIC/0485,M0020,26-05-12,SALE
90973,VOLCANO CHOCOLATE CONE,,,,8,97.5,,780,780,TIC/0495,D0017,27-05-12,SALE
V0973,VOLCANE CHOCOLATE CONE(1*14),,,,2,113.8,,227.6,227.6,TIC/0492,K0012,27-05-12,SALE
V0973,VOLCANE CHOCOLATE CONE(1*14),,,,1,199.22,,199.22,199.22,TIC/0492,K0012,27-05-12,SALE
V0973,VOLCANE CHOCOLATE CONE(1*14),,,,1,113.8,,113.8,113.8,TIC/0491,S0058,27-05-12,SALE
V0973,VOLCANE CHOCOLATE CONE(1*14),,,,3,97.5,,292.5,292.5,TIC/0494,J0014,27-05-12,SALE
V0973,VOLCANE CHOCOLATE CONE(1*14),,,,1,199.22,,199.22,199.22,TIC/0493,S0043,27-05-12,SALE
V0973,VOLCANE CHOCOLATE CONE(1*14),,,,5,97.5,,487.5,487.5,TIC/0496,H0028,27-05-12,SALE
V0973,VOLCANE CHOCOLATE CONE(1*14),,,,3,97.5,,292.5,292.5,TIC/0500,J0014,29-05-12,SALE
V0973,VOLCANE CHOCOLATE CONE(1*14),,,,6,199.22,,1195.32,1195.32,TIC/0516,D0017,30-05-12,SALE
V0973,VOLCANE CHOCOLATE CONE(1*14),,,,4,170.7,,682.8,682.8,TIC/0507,H0035,30-05-12,SALE
V0973,VOLCANE CHOCOLATE CONE(1*14),,,,2,199.22,,398.44,398.44,TIC/0505,H0041,30-05-12,SALE
V0973,VOLCANE CHOCOLATE CONE(1*14),,,,2,170.7,,341.4,341.4,TIC/0512,A0016,30-05-12,SALE
V0973,VOLCANE CHOCOLATE CONE(1*14),,,,2,170.7,,341.4,341.4,TIC/0504,R0019,30-05-12,SALE
V0973,VOLCANE CHOCOLATE CONE(1*14),,,,3,170.7,,512.1,512.1,TIC/0511,S0056,30-05-12,SALE
V0973,VOLCANE CHOCOLATE CONE(1*14),,,,2,170.7,,341.4,341.4,TIC/0515,S0047,30-05-12,SALE
V0973,VOLCANE CHOCOLATE CONE(1*14),,,,1,97.5,,97.5,97.5,TIC/0517,K0013,30-05-12,SALE
V0973,VOLCANE CHOCOLATE CONE(1*14),,,,2,199.22,,398.44,398.44,TIC/0518,J0010,31-05-12,SALE
V0973,VOLCANE CHOCOLATE CONE(1*14),,,,2,199.22,,398.44,398.44,TIC/0528,G0018,01-06-12,SALE
V0973,VOLCANE CHOCOLATE CONE(1*14),,,,2,199.22,,398.44,398.44,TIC/0529,B0004,01-06-12,SALE
V0973,VOLCANE CHOCOLATE CONE(1*14),,,,1,199.22,,199.22,199.22,TIC/0527,M0030,01-06-12,SALE
V0973,VOLCANE CHOCOLATE CONE(1*14),,,,3,170.7,,512.1,512.1,TIC/0521,J0009,01-06-12,SALE
V0973,VOLCANE CHOCOLATE CONE(1*14),,,,2,199.22,,398.44,398.44,TIC/0531,J0014,01-06-12,SALE
V0973,VOLCANE CHOCOLATE CONE(1*14),,,,2,199.22,,398.44,398.44,TIC/0538,D0014,02-06-12,SALE
V0973,VOLCANE CHOCOLATE CONE(1*14),,,,5,199.22,,996.1,996.1,TIC/0537,F0009,02-06-12,SALE
V0973,VOLCANE CHOCOLATE CONE(1*14),,,,2,199.22,,398.44,398.44,TIC/0534,K0012,02-06-12,SALE
V0973,VOLCANE CHOCOLATE CONE(1*14),,,,1,119.84,,119.84,119.84,TIC/0543,P0016,02-06-12,SALE
V0973,VOLCANE CHOCOLATE CONE(1*14),,,,1,199.22,,199.22,199.22,TIC/0599,H0034,04-06-12,SALE
V0973,VOLCANE CHOCOLATE CONE(1*14),,,,2,199.2,,398.4,398.4,TIC/0549,J0009,06-06-12,SALE
V0973,VOLCANE CHOCOLATE CONE(1*14),,,,2,199.22,,398.44,398.44,TIC/0580,K0013,06-06-12,SALE
V0973,VOLCANE CHOCOLATE CONE(1*14),,,,2,199.22,,398.44,398.44,TIC/0589,R0019,06-06-12,SALE
V0973,VOLCANE CHOCOLATE CONE(1*14),,,,2,199.22,,398.44,398.44,TIC/0591,J0009,06-06-12,SALE
V0973,VOLCANE CHOCOLATE CONE(1*14),,,,2,199.22,,398.44,398.44,TIC/0608,D0017,06-06-12,SALE
V0973,VOLCANE CHOCOLATE CONE(1*14),,,,5,199.2,,996,996,TIC/0560,S0056,07-06-12,SALE
V0973,VOLCANE CHOCOLATE CONE(1*14),,,,4,199.2,,796.8,796.8,TIC/0550,P0009,08-06-12,SALE
V0973,VOLCANE CHOCOLATE CONE(1*14),,,,4,199.2,,796.8,796.8,TIC/0552,P0011,08-06-12,SALE
V0973,VOLCANE CHOCOLATE CONE(1*14),,,,3,199.2,,597.6,597.6,TIC/0553,M0020,08-06-12,SALE
V0973,VOLCANE CHOCOLATE CONE(1*14),,,,5,199.2,,996,996,TIC/0554,H0035,08-06-12,SALE
V0973,VOLCANE CHOCOLATE CONE(1*14),,,,3,199.22,,597.66,597.66,TIC/0556,H0036,08-06-12,SALE
V0973,VOLCANE CHOCOLATE CONE(1*14),,,,3,199.2,,597.6,597.6,TIC/0557,N0007,08-06-12,SALE
V0973,VOLCANE CHOCOLATE CONE(1*14),,,,5,199.22,,996.1,996.1,TIC/0561,S0045,08-06-12,SALE
V0973,VOLCANE CHOCOLATE CONE(1*14),,,,1,199.22,,199.22,199.22,TIC/0571,B0004,09-06-12,SALE
V0973,VOLCANE CHOCOLATE CONE(1*14),,,,5,199.22,,996.1,996.1,TIC/0576,D0017,09-06-12,SALE
V0973,VOLCANE CHOCOLATE CONE(1*14),,,,1,199.22,,199.22,199.22,TIC/0581,J0014,10-06-12,SALE
V0973,VOLCANE CHOCOLATE CONE(1*14),,,,1,199.22,,199.22,199.22,TIC/0582,J0014,10-06-12,SALE
V0973,VOLCANE CHOCOLATE CONE(1*14),,,,4,199.22,,796.88,796.88,TIC/0443,N0007,11-06-12,SALE
V0973,VOLCANE CHOCOLATE CONE(1*14),,,,1,199.22,,199.22,199.22,TIC/0621,R0019,14-06-12,SALE
V0973,VOLCANE CHOCOLATE CONE(1*14),,,,3,199.22,,597.66,597.66,TIC/0626,N0007,15-06-12,SALE
V0973,VOLCANE CHOCOLATE CONE(1*14),,,,1,199.22,,199.22,199.22,TIC/0627,H0057,15-06-12,SALE
V0973,VOLCANE CHOCOLATE CONE(1*14),,,,1,199.22,,199.22,199.22,TIC/0628,S0043,15-06-12,SALE
V0973,VOLCANE CHOCOLATE CONE(1*14),,,,2,199.22,,398.44,398.44,TIC/0632,H0041,15-06-12,SALE
V0973,VOLCANE CHOCOLATE CONE(1*14),,,,4,199.22,,796.88,796.88,TIC/0633,H0034,15-06-12,SALE
V0973,VOLCANE CHOCOLATE CONE(1*14),,,,2,199.22,,398.44,398.44,TIC/0634,K0013,16-06-12,SALE
V0973,VOLCANE CHOCOLATE CONE(1*14),,,,3,199.22,,597.66,597.66,TIC/0635,K0012,16-06-12,SALE
V0973,VOLCANE CHOCOLATE CONE(1*14),,,,3,199.22,,597.66,597.66,TIC/0636,J0009,16-06-12,SALE
V0973,VOLCANE CHOCOLATE CONE(1*14),,,,4,199.22,,796.88,796.88,TIC/0638,S0056,16-06-12,SALE
V0973,VOLCANE CHOCOLATE CONE(1*14),,,,5,199.22,,996.1,996.1,TIC/0642,B0004,16-06-12,SALE
V0973,VOLCANE CHOCOLATE CONE(1*14),,,,3,199.22,,597.66,597.66,TIC/0646,D0017,17-06-12,SALE
V0973,VOLCANE CHOCOLATE CONE(1*14),,,,1,199.22,,199.22,199.22,TIC/0647,R0019,18-06-12,SALE
V0973,VOLCANE CHOCOLATE CONE(1*14),,,,2,199.22,,398.44,398.44,TIC/0648,J0014,18-06-12,SALE
V0973,VOLCANE CHOCOLATE CONE(1*14),,,,2,199.22,,398.44,398.44,TIC/0650,H0036,19-06-12,SALE
V0973,VOLCANE CHOCOLATE CONE(1*14),,,,4,199.22,,796.88,796.88,TIC/0651,D0017,19-06-12,SALE
V0973,VOLCANE CHOCOLATE CONE(1*14),,,,1,199.22,,199.22,199.22,TIC/0652,K0012,19-06-12,SALE
V0973,VOLCANE CHOCOLATE CONE(1*14),,,,4,199.22,,796.88,796.88,TIC/0654,H0035,19-06-12,SALE
V0973,VOLCANE CHOCOLATE CONE(1*14),,,,4,199.22,,796.88,796.88,TIC/0655,N0007,20-06-12,SALE
V0973,VOLCANE CHOCOLATE CONE(1*14),,,,1,199.22,,199.22,199.22,TIC/0659,M0020,21-06-12,SALE
V0973,VOLCANE CHOCOLATE CONE(1*14),,,,2,199.22,,398.44,398.44,TIC/0660,A0015,21-06-12,SALE
V0973,VOLCANE CHOCOLATE CONE(1*14),,,,1,199.22,,199.22,199.22,TIC/0661,J0015,21-06-12,SALE
V0973,VOLCANE CHOCOLATE CONE(1*14),,,,1,199.22,,199.22,199.22,TIC/0664,K0009,22-06-12,SALE
V0973,VOLCANE CHOCOLATE CONE(1*14),,,,2,199.22,,398.44,398.44,TIC/0669,J0010,22-06-12,SALE
V0973,VOLCANE CHOCOLATE CONE(1*14),,,,5,199.22,,996.1,996.1,TIC/0677,S0054,23-06-12,SALE
V0973,VOLCANE CHOCOLATE CONE(1*14),,,,2,199.22,,398.44,398.44,TIC/0681,H0056,24-06-12,SALE
V0973,VOLCANE CHOCOLATE CONE(1*14),,,,2,199.22,,398.44,398.44,TIC/0682,N0007,24-06-12,SALE
V0973,VOLCANE CHOCOLATE CONE(1*14),,,,2,199.22,,398.44,398.44,TIC/0686,M0025,25-06-12,SALE
V0973,VOLCANE CHOCOLATE CONE(1*14),,,,3,199.22,,597.66,597.66,TIC/0693,N0007,26-06-12,SALE
V0973,VOLCANE CHOCOLATE CONE(1*14),,,,2,199.22,,398.44,398.44,TIC/0695,H0036,28-06-12,SALE
V0973,VOLCANE CHOCOLATE CONE(1*14),,,,1,199.22,,199.22,199.22,TIC/0696,S0056,28-06-12,SALE
V0973,VOLCANE CHOCOLATE CONE(1*14),,,,2,199.22,,398.44,398.44,TIC/0700,S0047,28-06-12,SALE
V0973,VOLCANE CHOCOLATE CONE(1*14),,,,1,199.22,,199.22,199.22,TIC/0709,R0019,28-06-12,SALE
V0973,VOLCANE CHOCOLATE CONE(1*14),,,,2,199.22,,398.44,398.44,TIC/0713,D0017,29-06-12,SALE
V0973,VOLCANE CHOCOLATE CONE(1*14),,,,3,199.22,,597.66,597.66,TIC/0714,J0014,29-06-12,SALE
V0973,VOLCANE CHOCOLATE CONE(1*14),,,,1,199.22,,199.22,199.22,TIC/0716,K0013,29-06-12,SALE
V0973,VOLCANE CHOCOLATE CONE(1*14),,,,1,199.22,,199.22,199.22,TIC/0718,S0060,29-06-12,SALE
V0973,VOLCANE CHOCOLATE CONE(1*14),,,,2,199.22,,398.44,398.44,TIC/0732,J0015,02-07-12,SALE
V0973,VOLCANE CHOCOLATE CONE(1*14),,,,1,199.22,,199.22,199.22,TIC/0736,J0010,03-07-12,SALE
V0973,VOLCANE CHOCOLATE CONE(1*14),,,,1,199.22,,199.22,199.22,TIC/0811,D0014,16-07-12,SALE
V0973,VOLCANE CHOCOLATE CONE(1*14),,,,3,199.22,,597.66,597.66,TIC/0812,N0007,16-07-12,SALE
V0973,VOLCANE CHOCOLATE CONE(1*14),,,,6,199.22,,1195.32,1195.32,TIC/0813,D0017,17-07-12,SALE
V0973,VOLCANE CHOCOLATE CONE(1*14),,,,10,199.22,,1992.2,1992.2,TIC/0814,S0051,17-07-12,SALE
V0973,VOLCANE CHOCOLATE CONE(1*14),,,,1,199.22,,199.22,199.22,TIC/0817,R0019,17-07-12,SALE
V0973,VOLCANE CHOCOLATE CONE(1*14),,,,3,199.22,,597.66,597.66,TIC/0818,S0056,17-07-12,SALE
V0973,VOLCANE CHOCOLATE CONE(1*14),,,,3,199.22,,597.66,597.66,TIC/0826,B0004,18-07-12,SALE
V0973,VOLCANE CHOCOLATE CONE(1*14),,,,3,199.22,,597.66,597.66,TIC/0827,J0010,18-07-12,SALE
V0973,VOLCANE CHOCOLATE CONE(1*14),,,,4,199.22,,796.88,796.88,TIC/0836,P0011,19-07-12,SALE
V0973,VOLCANE CHOCOLATE CONE(1*14),,,,3,199.22,,597.66,597.66,TIC/0838,S0045,20-07-12,SALE
V0973,VOLCANE CHOCOLATE CONE(1*14),,,,1,199.22,,199.22,199.22,TIC/0839,R0014,20-07-12,SALE
V0973,VOLCANE CHOCOLATE CONE(1*14),,,,1,199.22,,199.22,199.22,TIC/0849,N0007,21-07-12,SALE
V0973,VOLCANE CHOCOLATE CONE(1*14),,,,1,199.22,,199.22,199.22,TIC/0856,R0019,23-07-12,SALE
V0973,VOLCANE CHOCOLATE CONE(1*14),,,,1,199.22,,199.22,199.22,TIC/0859,K0012,23-07-12,SALE
V0973,VOLCANE CHOCOLATE CONE(1*14),,,,1,199.22,,199.22,199.22,TIC/0860,M0031,23-07-12,SALE
V0973,VOLCANE CHOCOLATE CONE(1*14),,,,3,199.22,,597.66,597.66,TIC/0865,N0007,24-07-12,SALE
V0973,VOLCANE CHOCOLATE CONE(1*14),,,,2,199.22,,398.44,398.44,TIC/0867,M0020,25-07-12,SALE
V0973,VOLCANE CHOCOLATE CONE(1*14),,,,5,199.22,,996.1,996.1,TIC/0869,H0036,25-07-12,SALE
V0973,VOLCANE CHOCOLATE CONE(1*14),,,,1,199.22,,199.22,199.22,TIC/0872,A0016,25-07-12,SALE
V0973,VOLCANE CHOCOLATE CONE(1*14),,,,1,199.22,,199.22,199.22,TIC/0873,K0012,25-07-12,SALE
V0973,VOLCANE CHOCOLATE CONE(1*14),,,,2,199.22,,398.44,398.44,TIC/0877,N0007,26-07-12,SALE
V0973,VOLCANE CHOCOLATE CONE(1*14),,,,2,199.1,,398.2,398.2,TIC/0894,D0017,30-07-12,SALE
V0973,VOLCANE CHOCOLATE CONE(1*14),,,,1,199.1,,199.1,199.1,TIC/0895,S0048,30-07-12,SALE
90973,VOLCANO CHOCOLATE CONE,,,,20,113.8,,2276,2276,TIC/0004,D0017,02-08-12,SALE
V0973,VOLCANE CHOCOLATE CONE(1*14),,,,2,199.1,,398.2,398.2,TIC/0923,D0017,04-08-12,SALE
V0973,VOLCANE CHOCOLATE CONE(1*14),,,,1,199.1,,199.1,199.1,TIC/0934,J0009,06-08-12,SALE
V0973,VOLCANE CHOCOLATE CONE(1*14),,,,1,199.1,,199.1,199.1,TIC/0939,R0019,08-08-12,SALE
V0973,VOLCANE CHOCOLATE CONE(1*14),,,,1,199.1,,199.1,199.1,TIC/0940,H0035,08-08-12,SALE
V0973,VOLCANE CHOCOLATE CONE(1*14),,,,3,199.1,,597.3,597.3,TIC/0958,N0007,09-08-12,SALE
V0973,VOLCANE CHOCOLATE CONE(1*14),,,,3,199.1,,597.3,597.3,TIC/0948,H0035,10-08-12,SALE
V0973,VOLCANE CHOCOLATE CONE(1*14),,,,2,199.1,,398.2,398.2,TIC/0952,J0014,10-08-12,SALE
V0973,VOLCANE CHOCOLATE CONE(1*14),,,,1,199.1,,199.1,199.1,TIC/0954,K0012,10-08-12,SALE
V0973,VOLCANE CHOCOLATE CONE(1*14),,,,4,199.1,,796.4,796.4,TIC/0949,D0017,11-08-12,SALE
V0973,VOLCANE CHOCOLATE CONE(1*14),,,,1,199.1,,199.1,199.1,TIC/0963,H0041,11-08-12,SALE
V0973,VOLCANE CHOCOLATE CONE(1*14),,,,2,199.1,,398.2,398.2,TIC/0968,H0036,11-08-12,SALE
V0973,VOLCANE CHOCOLATE CONE(1*14),,,,3,199.1,,597.3,597.3,TIC/0974,S0045,11-08-12,SALE
V0973,VOLCANE CHOCOLATE CONE(1*14),,,,2,199.1,,398.2,398.2,TIC/0978,D0017,13-08-12,SALE
V0973,VOLCANE CHOCOLATE CONE(1*14),,,,2,199.1,,398.2,398.2,TIC/0981,M0025,13-08-12,SALE
V0973,VOLCANE CHOCOLATE CONE(1*14),,,,1,199.1,,199.1,199.1,TIC/0985,H0041,13-08-12,SALE
V0973,VOLCANE CHOCOLATE CONE(1*14),,,,6,170.7,,1024.2,1024.2,TIC/0383,D0017,16-08-12,SALE
V0973,VOLCANE CHOCOLATE CONE(1*14),,,,4,199.1,,796.4,796.4,TIC/1036,D0017,22-08-12,SALE
V0973,VOLCANE CHOCOLATE CONE(1*14),,,,3,199.22,,597.66,597.66,TIC/0456,D0017,23-08-12,SALE
V0973,VOLCANE CHOCOLATE CONE(1*14),,,,3,199.1,,597.3,597.3,TIC/1032,H0041,23-08-12,SALE
V0973,VOLCANE CHOCOLATE CONE(1*14),,,,2,199.1,,398.2,398.2,TIC/1033,P0011,23-08-12,SALE
V0973,VOLCANE CHOCOLATE CONE(1*14),,,,2,199.1,,398.2,398.2,TIC/1035,B0004,23-08-12,SALE
V0973,VOLCANE CHOCOLATE CONE(1*14),,,,3,113.8,,341.4,341.4,TIC/0468,D0017,24-08-12,SALE
V0973,VOLCANE CHOCOLATE CONE(1*14),,,,2,199.1,,398.2,398.2,TIC/1038,H0035,24-08-12,SALE
V0973,VOLCANE CHOCOLATE CONE(1*14),,,,3,199.1,,597.3,597.3,TIC/1039,N0007,24-08-12,SALE
V0973,VOLCANE CHOCOLATE CONE(1*14),,,,2,199.1,,398.2,398.2,TIC/1042,S0056,24-08-12,SALE
V0973,VOLCANE CHOCOLATE CONE(1*14),,,,2,199.1,,398.2,398.2,TIC/1044,D0017,24-08-12,SALE
V0973,VOLCANE CHOCOLATE CONE(1*14),,,,3,199.1,,597.3,597.3,TIC/1046,K0012,24-08-12,SALE
V0973,VOLCANE CHOCOLATE CONE(1*14),,,,1,199.1,,199.1,199.1,TIC/1047,R0019,24-08-12,SALE
V0973,VOLCANE CHOCOLATE CONE(1*14),,,,1,199.1,,199.1,199.1,TIC/1067,M0025,29-08-12,SALE
V0973,VOLCANE CHOCOLATE CONE(1*14),,,,2,199.1,,398.2,398.2,TIC/1076,N0007,30-08-12,SALE
V0973,VOLCANE CHOCOLATE CONE(1*14),,,,1,199.1,,199.1,199.1,TIC/1087,P0015,31-08-12,SALE
V0973,VOLCANE CHOCOLATE CONE(1*14),,,,1,199.1,,199.1,199.1,TIC/1090,J0010,31-08-12,SALE
V0973,VOLCANE CHOCOLATE CONE(1*14),,,,2,199.1,,398.2,398.2,TIC/1094,H0036,31-08-12,SALE
V0973,VOLCANE CHOCOLATE CONE(1*14),,,,2,199.1,,398.2,398.2,TIC/1078,K0012,01-09-12,SALE
V0973,VOLCANE CHOCOLATE CONE(1*14),,,,6,199.1,,1194.6,1194.6,TIC/1079,D0017,01-09-12,SALE
V0973,VOLCANE CHOCOLATE CONE(1*14),,,,2,199.1,,398.2,398.2,TIC/1081,S0061,02-09-12,SALE
V0973,VOLCANE CHOCOLATE CONE(1*14),,,,1,199.1,,199.1,199.1,TIC/1082,M0022,02-09-12,SALE
V0973,VOLCANE CHOCOLATE CONE(1*14),,,,1,199.1,,199.1,199.1,TIC/1096,H0057,02-09-12,SALE
V0973,VOLCANE CHOCOLATE CONE(1*14),,,,1,199.1,,199.1,199.1,TIC/1100,H0028,02-09-12,SALE
V0973,VOLCANE CHOCOLATE CONE(1*14),,,,1,199.1,,199.1,199.1,TIC/1102,R0019,02-09-12,SALE
V0973,VOLCANE CHOCOLATE CONE(1*14),,,,1,199.1,,199.1,199.1,TIC/1114,N0007,03-09-12,SALE
V0973,VOLCANE CHOCOLATE CONE(1*14),,,,2,199.1,,398.2,398.2,TIC/1115,J0014,03-09-12,SALE
V0973,VOLCANE CHOCOLATE CONE(1*14),,,,5,199.1,,995.5,995.5,TIC/1119,D0017,03-09-12,SALE
V0973,VOLCANE CHOCOLATE CONE(1*14),,,,3,199.1,,597.3,597.3,TIC/1077,S0045,04-09-12,SALE
V0973,VOLCANE CHOCOLATE CONE(1*14),,,,3,199.1,,597.3,597.3,TIC/1135,N0007,09-09-12,SALE
V0973,VOLCANE CHOCOLATE CONE(1*14),,,,2,199.1,,398.2,398.2,TIC/1138,H0035,09-09-12,SALE
V0973,VOLCANE CHOCOLATE CONE(1*14),,,,1,199.1,,199.1,199.1,TIC/1140,V0012,09-09-12,SALE
V0973,VOLCANE CHOCOLATE CONE(1*14),,,,1,199.1,,199.1,199.1,TIC/1148,J0014,10-09-12,SALE
V0973,VOLCANE CHOCOLATE CONE(1*14),,,,1,199.1,,199.1,199.1,TIC/1150,K0012,11-09-12,SALE
V0973,VOLCANE CHOCOLATE CONE(1*14),,,,2,199.1,,398.2,398.2,TIC/1153,S0053,12-09-12,SALE
V0973,VOLCANE CHOCOLATE CONE(1*14),,,,3,199.1,,597.3,597.3,TIC/1155,N0007,14-09-12,SALE
V0973,VOLCANE CHOCOLATE CONE(1*14),,,,2,199.1,,398.2,398.2,TIC/1160,R0019,14-09-12,SALE
V0973,VOLCANE CHOCOLATE CONE(1*14),,,,1,199.1,,199.1,199.1,TIC/1163,B0004,15-09-12,SALE
90973,VOLCANO CHOCOLATE CONE,,,,4,113.8,,455.2,455.2,TIC/1170,N0007,15-09-12,SALE
90973,VOLCANO CHOCOLATE CONE,,,,6,113.8,,682.8,682.8,TIC/1172,D0017,15-09-12,SALE
90973,VOLCANO CHOCOLATE CONE,,,,1,113.8,,113.8,113.8,TIC/1181,S0047,17-09-12,SALE
90973,VOLCANO CHOCOLATE CONE,,,,1,113.8,,113.8,113.8,TIC/1182,M0022,17-09-12,SALE
90973,VOLCANO CHOCOLATE CONE,,,,3,113.8,,341.4,341.4,TIC/1186,S0045,17-09-12,SALE
90973,VOLCANO CHOCOLATE CONE,,,,1,113.8,,113.8,113.8,TIC/1185,R0014,18-09-12,SALE
90973,VOLCANO CHOCOLATE CONE,,,,1,113.8,,113.8,113.8,TIC/1190,J0010,18-09-12,SALE
90973,VOLCANO CHOCOLATE CONE,,,,2,113.8,,227.6,227.6,TIC/1196,O0005,18-09-12,SALE
90973,VOLCANO CHOCOLATE CONE,,,,4,199.1,,796.4,796.4,TIC/1199,H0035,19-09-12,SALE
90973,VOLCANO CHOCOLATE CONE,,,,1,113.8,,113.8,113.8,TIC/1201,K0012,19-09-12,SALE
90973,VOLCANO CHOCOLATE CONE,,,,1,113.8,,113.8,113.8,TIC/1202,K0009,19-09-12,SALE
90973,VOLCANO CHOCOLATE CONE,,,,2,113.8,,227.6,227.6,TIC/1208,G0010,20-09-12,SALE
90973,VOLCANO CHOCOLATE CONE,,,,6,113.8,,682.8,682.8,TIC/1210,S0061,21-09-12,SALE
90973,VOLCANO CHOCOLATE CONE,,,,3,113.8,,341.4,341.4,TIC/1211,D0017,22-09-12,SALE
V0973,VOLCANE CHOCOLATE CONE(1*14),,,,3,199.1,,597.3,597.3,TIC/1212,N0007,22-09-12,SALE
V0973,VOLCANE CHOCOLATE CONE(1*14),,,,5,199.1,,995.5,995.5,TIC/1215,D0017,22-09-12,SALE
V0973,VOLCANE CHOCOLATE CONE(1*14),,,,2,199.1,,398.2,398.2,TIC/1218,P0011,22-09-12,SALE
V0973,VOLCANE CHOCOLATE CONE(1*14),,,,1,199.1,,199.1,199.1,TIC/1224,R0019,22-09-12,SALE
V0973,VOLCANE CHOCOLATE CONE(1*14),,,,3,199.1,,597.3,597.3,TIC/1229,M0025,23-09-12,SALE
V0973,VOLCANE CHOCOLATE CONE(1*14),,,,3,199.1,,597.3,597.3,TIC/1233,H0035,23-09-12,SALE
V0973,VOLCANE CHOCOLATE CONE(1*14),,,,1,199.1,,199.1,199.1,TIC/1235,S0045,23-09-12,SALE
V0973,VOLCANE CHOCOLATE CONE(1*14),,,,2,199.1,,398.2,398.2,TIC/1243,K0012,24-09-12,SALE
V0973,VOLCANE CHOCOLATE CONE(1*14),,,,1,199.1,,199.1,199.1,TIC/1248,M0022,25-09-12,SALE
V0973,VOLCANE CHOCOLATE CONE(1*14),,,,1,199.1,,199.1,199.1,TIC/1250,R0019,25-09-12,SALE
V0973,VOLCANE CHOCOLATE CONE(1*14),,,,2,199.1,,398.2,398.2,TIC/1253,B0004,25-09-12,SALE
V0973,VOLCANE CHOCOLATE CONE(1*14),,,,3,199.1,,597.3,597.3,TIC/1278,N0007,29-09-12,SALE
V0973,VOLCANE CHOCOLATE CONE(1*14),,,,1,199.1,,199.1,199.1,TIC/1267,K0012,29-09-12,SALE
V0973,VOLCANE CHOCOLATE CONE(1*14),,,,1,199.1,,199.1,199.1,TIC/1268,R0014,29-09-12,SALE
V0973,VOLCANE CHOCOLATE CONE(1*14),,,,2,199.1,,398.2,398.2,TIC/1280,J0009,29-09-12,SALE
V0973,VOLCANE CHOCOLATE CONE(1*14),,,,5,199.1,,995.5,995.5,TIC/1276,S0045,30-09-12,SALE
V0973,VOLCANE CHOCOLATE CONE(1*14),,,,3,199.1,,597.3,597.3,TIC/1282,H0034,30-09-12,SALE
V0973,VOLCANE CHOCOLATE CONE(1*14),,,,1,199.1,,199.1,199.1,TIC/1283,P0009,30-09-12,SALE
V0973,VOLCANE CHOCOLATE CONE(1*14),,,,2,199.1,,398.2,398.2,TIC/1298,K0012,03-10-12,SALE
V0973,VOLCANE CHOCOLATE CONE(1*14),,,,2,199.1,,398.2,398.2,TIC/1299,H0035,03-10-12,SALE
V0973,VOLCANE CHOCOLATE CONE(1*14),,,,3,199.1,,597.3,597.3,TIC/1301,N0007,03-10-12,SALE
V0973,VOLCANE CHOCOLATE CONE(1*14),,,,1,199.1,,199.1,199.1,TIC/1308,K0013,04-10-12,SALE
V0973,VOLCANE CHOCOLATE CONE(1*14),,,,1,199.1,,199.1,199.1,TIC/1337,K0012,07-10-12,SALE
V0973,VOLCANE CHOCOLATE CONE(1*14),,,,3,199.1,,597.3,597.3,TIC/1357,N0007,08-10-12,SALE
V0973,VOLCANE CHOCOLATE CONE(1*14),,,,1,199.1,,199.1,199.1,TIC/1332,S0056,09-10-12,SALE
V0973,VOLCANE CHOCOLATE CONE(1*14),,,,2,199.1,,398.2,398.2,TIC/1333,L0004,09-10-12,SALE
V0973,VOLCANE CHOCOLATE CONE(1*14),,,,1,199.1,,199.1,199.1,TIC/1334,R0019,09-10-12,SALE
V0973,VOLCANE CHOCOLATE CONE(1*14),,,,2,199.1,,398.2,398.2,TIC/1340,J0010,10-10-12,SALE
V0973,VOLCANE CHOCOLATE CONE(1*14),,,,1,199.1,,199.1,199.1,TIC/1342,J0014,10-10-12,SALE
V0973,VOLCANE CHOCOLATE CONE(1*14),,,,1,199.1,,199.1,199.1,TIC/1344,P0009,10-10-12,SALE
V0973,VOLCANE CHOCOLATE CONE(1*14),,,,2,199.1,,398.2,398.2,TIC/1345,K0009,10-10-12,SALE
V0973,VOLCANE CHOCOLATE CONE(1*14),,,,2,199.1,,398.2,398.2,TIC/1347,M0020,10-10-12,SALE
V0973,VOLCANE CHOCOLATE CONE(1*14),,,,1,199.1,,199.1,199.1,TIC/1348,S0047,10-10-12,SALE
V0973,VOLCANE CHOCOLATE CONE(1*14),,,,1,199.1,,199.1,199.1,TIC/1365,M0022,10-10-12,SALE
V0973,VOLCANE CHOCOLATE CONE(1*14),,,,2,199.1,,398.2,398.2,TIC/1367,S0061,10-10-12,SALE
V0973,VOLCANE CHOCOLATE CONE(1*14),,,,2,199.1,,398.2,398.2,TIC/1368,P0011,10-10-12,SALE
V0973,VOLCANE CHOCOLATE CONE(1*14),,,,2,199.1,,398.2,398.2,TIC/1370,B0004,11-10-12,SALE
V0973,VOLCANE CHOCOLATE CONE(1*14),,,,2,199.1,,398.2,398.2,TIC/1404,R0019,17-10-12,SALE
V0973,VOLCANE CHOCOLATE CONE(1*14),,,,1,199.1,,199.1,199.1,TIC/1405,J0014,17-10-12,SALE
V0973,VOLCANE CHOCOLATE CONE(1*14),,,,3,199.1,,597.3,597.3,TIC/1408,H0035,17-10-12,SALE
V0973,VOLCANE CHOCOLATE CONE(1*14),,,,3,199.1,,597.3,597.3,TIC/1409,S0056,17-10-12,SALE
V0973,VOLCANE CHOCOLATE CONE(1*14),,,,1,199.1,,199.1,199.1,TIC/1411,K0013,17-10-12,SALE
V0973,VOLCANE CHOCOLATE CONE(1*14),,,,3,199.1,,597.3,597.3,TIC/1412,N0007,17-10-12,SALE
V0973,VOLCANE CHOCOLATE CONE(1*14),,,,3,199.1,,597.3,597.3,TIC/1413,D0017,17-10-12,SALE
V0973,VOLCANE CHOCOLATE CONE(1*14),,,,1,199.1,,199.1,199.1,TIC/1423,K0012,20-10-12,SALE
V0973,VOLCANE CHOCOLATE CONE(1*14),,,,5,199.1,,995.5,995.5,TIC/1427,H0034,20-10-12,SALE
90973,VOLCANO CHOCOLATE CONE,,,,1,113.8,,113.8,113.8,TIC/1461,S0043,21-10-12,SALE
V0973,VOLCANE CHOCOLATE CONE(1*14),,,,2,199.1,,398.2,398.2,TIC/1426,P0009,22-10-12,SALE
90973,VOLCANO CHOCOLATE CONE,,,,1,113.8,,113.8,113.8,TIC/1464,S0062,22-10-12,SALE
90973,VOLCANO CHOCOLATE CONE,,,,3,113.8,,341.4,341.4,TIC/1467,S0045,22-10-12,SALE
90973,VOLCANO CHOCOLATE CONE,,,,2,113.8,,227.6,227.6,TIC/1471,N0007,22-10-12,SALE
90973,VOLCANO CHOCOLATE CONE,,,,1,113.8,,113.8,113.8,TIC/1474,H0041,23-10-12,SALE
90973,VOLCANO CHOCOLATE CONE,,,,2,113.8,,227.6,227.6,TIC/1474,H0041,23-10-12,SALE
90973,VOLCANO CHOCOLATE CONE,,,,3,113.8,,341.4,341.4,TIC/1476,H0035,23-10-12,SALE
90973,VOLCANO CHOCOLATE CONE,,,,1,113.8,,113.8,113.8,TIC/1480,H0057,24-10-12,SALE
90973,VOLCANO CHOCOLATE CONE,,,,1,113.8,,113.8,113.8,TIC/1483,B0018,24-10-12,SALE
90973,VOLCANO CHOCOLATE CONE,,,,2,199.1,,398.2,398.2,TIC/1450,R0019,26-10-12,SALE
90973,VOLCANO CHOCOLATE CONE,,,,1,113.8,,113.8,113.8,TIC/1453,K0013,26-10-12,SALE
90973,VOLCANO CHOCOLATE CONE,,,,2,113.8,,227.6,227.6,TIC/1462,K0012,26-10-12,SALE
90973,VOLCANO CHOCOLATE CONE,,,,2,113.8,,227.6,227.6,TIC/1481,D0017,27-10-12,SALE
90973,VOLCANO CHOCOLATE CONE,,,,1,113.8,,113.8,113.8,TIC/1491,K0013,27-10-12,SALE
90973,VOLCANO CHOCOLATE CONE,,,,2,113.8,,227.6,227.6,TIC/1485,N0007,28-10-12,SALE
90973,VOLCANO CHOCOLATE CONE,,,,2,113.8,,227.6,227.6,TIC/1504,P0009,28-10-12,SALE
90973,VOLCANO CHOCOLATE CONE,,,,1,113.8,,113.8,113.8,TIC/1512,H0028,28-10-12,SALE
90973,VOLCANO CHOCOLATE CONE,,,,2,113.8,,227.6,227.6,TIC/1505,J0010,29-10-12,SALE
90973,VOLCANO CHOCOLATE CONE,,,,4,113.8,,455.2,455.2,TIC/1502,D0017,30-10-12,SALE
90973,VOLCANO CHOCOLATE CONE,,,,1,113.8,,113.8,113.8,TIC/1526,S0043,30-10-12,SALE
90973,VOLCANO CHOCOLATE CONE,,,,2,113.8,,227.6,227.6,TIC/1497,P0011,31-10-12,SALE
90973,VOLCANO CHOCOLATE CONE,,,,2,113.8,,227.6,227.6,TIC/1499,H0036,31-10-12,SALE
90973,VOLCANO CHOCOLATE CONE,,,,3,113.8,,341.4,341.4,TIC/1500,N0007,31-10-12,SALE
90973,VOLCANO CHOCOLATE CONE,,,,2,113.8,,227.6,227.6,TIC/1530,P0009,31-10-12,SALE
90973,VOLCANO CHOCOLATE CONE,,,,2,113.8,,227.6,227.6,TIC/1531,N0007,31-10-12,SALE
90973,VOLCANO CHOCOLATE CONE,,,,2,113.8,,227.6,227.6,TIC/1494,S0061,02-11-12,SALE
90973,VOLCANO CHOCOLATE CONE,,,,3,113.8,,341.4,341.4,TIC/1492,K0012,03-11-12,SALE
90973,VOLCANO CHOCOLATE CONE,,,,2,113.8,,227.6,227.6,TIC/1517,J0014,03-11-12,SALE
90973,VOLCANO CHOCOLATE CONE,,,,2,113.8,,227.6,227.6,TIC/1524,K0012,04-11-12,SALE
90973,VOLCANO CHOCOLATE CONE,,,,1,113.8,,113.8,113.8,TIC/1539,N0009,04-11-12,SALE
90973,VOLCANO CHOCOLATE CONE,,,,1,113.8,,113.8,113.8,TIC/1544,R0019,04-11-12,SALE
90973,VOLCANO CHOCOLATE CONE,,,,1,113.8,,113.8,113.8,TIC/1536,R0019,05-11-12,SALE
90973,VOLCANO CHOCOLATE CONE,,,,3,113.8,,341.4,341.4,TIC/1555,O0005,05-11-12,SALE
90973,VOLCANO CHOCOLATE CONE,,,,1,113.8,,113.8,113.8,TIC/1556,S0056,05-11-12,SALE
90973,VOLCANO CHOCOLATE CONE,,,,1,113.8,,113.8,113.8,TIC/1562,M0022,05-11-12,SALE
90973,VOLCANO CHOCOLATE CONE,,,,1,113.8,,113.8,113.8,TIC/1534,B0018,06-11-12,SALE
90973,VOLCANO CHOCOLATE CONE,,,,3,113.8,,341.4,341.4,TIC/1565,N0007,06-11-12,SALE
90973,VOLCANO CHOCOLATE CONE,,,,2,113.8,,227.6,227.6,TIC/1550,D0017,07-11-12,SALE
90973,VOLCANO CHOCOLATE CONE,,,,1,113.8,,113.8,113.8,TIC/1580,S0058,08-11-12,SALE
90973,VOLCANO CHOCOLATE CONE,,,,2,113.8,,227.6,227.6,TIC/1591,S0054,08-11-12,SALE
90973,VOLCANO CHOCOLATE CONE,,,,2,113.8,,227.6,227.6,TIC/1567,D0017,10-11-12,SALE
90973,VOLCANO CHOCOLATE CONE,,,,4,113.8,,455.2,455.2,TIC/1612,P0009,10-11-12,SALE
90973,VOLCANO CHOCOLATE CONE,,,,2,113.8,,227.6,227.6,TIC/1571,H0047,11-11-12,SALE
90973,VOLCANO CHOCOLATE CONE,,,,3,113.8,,341.4,341.4,TIC/1586,H0028,12-11-12,SALE
90973,VOLCANO CHOCOLATE CONE,,,,2,113.8,,227.6,227.6,TIC/1631,P0011,12-11-12,SALE
90973,VOLCANO CHOCOLATE CONE,,,,3,113.8,,341.4,341.4,TIC/1641,L0004,12-11-12,SALE
90973,VOLCANO CHOCOLATE CONE,,,,3,113.8,,341.4,341.4,TIC/1587,N0007,13-11-12,SALE
90973,VOLCANO CHOCOLATE CONE,,,,2,113.8,,227.6,227.6,TIC/1605,J0010,13-11-12,SALE
90973,VOLCANO CHOCOLATE CONE,,,,3,113.8,,341.4,341.4,TIC/1632,N0007,14-11-12,SALE
90973,VOLCANO CHOCOLATE CONE,,,,2,113.8,,227.6,227.6,TIC/1658,P0009,14-11-12,SALE
90973,VOLCANO CHOCOLATE CONE,,,,3,113.8,,341.4,341.4,TIC/1660,S0043,14-11-12,SALE
90973,VOLCANO CHOCOLATE CONE,,,,1,113.8,,113.8,113.8,TIC/1598,H0042,15-11-12,SALE
90973,VOLCANO CHOCOLATE CONE,,,,4,113.8,,455.2,455.2,TIC/1607,K0012,15-11-12,SALE
90973,VOLCANO CHOCOLATE CONE,,,,4,113.8,,455.2,455.2,TIC/1625,D0017,15-11-12,SALE
90973,VOLCANO CHOCOLATE CONE,,,,2,113.8,,227.6,227.6,TIC/1523,M0020,16-11-12,SALE
90973,VOLCANO CHOCOLATE CONE,,,,1,113.8,,113.8,113.8,TIC/1588,B0018,16-11-12,SALE
90973,VOLCANO CHOCOLATE CONE,,,,3,113.8,,341.4,341.4,TIC/1677,J0014,16-11-12,SALE
90973,VOLCANO CHOCOLATE CONE,,,,3,113.8,,341.4,341.4,TIC/1627,H0034,17-11-12,SALE
90973,VOLCANO CHOCOLATE CONE,,,,4,113.8,,455.2,455.2,TIC/1663,K0012,17-11-12,SALE
90973,VOLCANO CHOCOLATE CONE,,,,6,113.8,,682.8,682.8,TIC/1664,H0035,18-11-12,SALE
90973,VOLCANO CHOCOLATE CONE,,,,4,113.8,,455.2,455.2,TIC/1665,P0009,18-11-12,SALE
90973,VOLCANO CHOCOLATE CONE,,,,1,113.8,,113.8,113.8,TIC/1670,B0018,18-11-12,SALE
90973,VOLCANO CHOCOLATE CONE,,,,1,113.8,,113.8,113.8,TIC/1683,B0018,18-11-12,SALE
90973,VOLCANO CHOCOLATE CONE,,,,2,113.8,,227.6,227.6,TIC/1703,K0013,18-11-12,SALE
90973,VOLCANO CHOCOLATE CONE,,,,4,113.8,,455.2,455.2,TIC/1704,D0017,18-11-12,SALE
90973,VOLCANO CHOCOLATE CONE,,,,5,113.8,,569,569,TIC/1706,H0036,18-11-12,SALE
90973,VOLCANO CHOCOLATE CONE,,,,2,113.8,,227.6,227.6,TIC/1707,R0019,18-11-12,SALE
90973,VOLCANO CHOCOLATE CONE,,,,3,113.8,,341.4,341.4,TIC/1708,J0014,18-11-12,SALE
90973,VOLCANO CHOCOLATE CONE,,,,2,113.8,,227.6,227.6,TIC/1709,B0018,18-11-12,SALE
90973,VOLCANO CHOCOLATE CONE,,,,5,113.8,,569,569,TIC/1723,H0028,18-11-12,SALE
90973,VOLCANO CHOCOLATE CONE,,,,10,113.8,,1138,1138,TIC/1583,S0051,19-11-12,SALE
90973,VOLCANO CHOCOLATE CONE,,,,1,113.8,,113.8,113.8,TIC/1593,S0047,19-11-12,SALE
90973,VOLCANO CHOCOLATE CONE,,,,3,113.8,,341.4,341.4,TIC/1685,P0011,19-11-12,SALE
90973,VOLCANO CHOCOLATE CONE,,,,4,113.8,,455.2,455.2,TIC/1720,P0009,19-11-12,SALE
90973,VOLCANO CHOCOLATE CONE,,,,3,113.8,,341.4,341.4,TIC/1604,D0017,20-11-12,SALE
90973,VOLCANO CHOCOLATE CONE,,,,4,113.8,,455.2,455.2,TIC/1606,F0009,20-11-12,SALE
90973,VOLCANO CHOCOLATE CONE,,,,2,113.8,,227.6,227.6,TIC/1646,S0045,21-11-12,SALE
90973,VOLCANO CHOCOLATE CONE,,,,3,113.8,,341.4,341.4,TIC/1750,H0034,21-11-12,SALE
90973,VOLCANO CHOCOLATE CONE,,,,4,113.8,,455.2,455.2,TIC/1647,H0036,22-11-12,SALE
90973,VOLCANO CHOCOLATE CONE,,,,2,113.8,,227.6,227.6,TIC/1667,P0011,22-11-12,SALE
90973,VOLCANO CHOCOLATE CONE,,,,2,113.8,,227.6,227.6,TIC/1668,J0014,22-11-12,SALE
V0973,VOLCANE CHOCOLATE CONE(1*14),,,,1,199.1,,199.1,199.1,TIC/1752,H0035,22-11-12,SALE
90973,VOLCANO CHOCOLATE CONE,,,,1,113.8,,113.8,113.8,TIC/1715,N0009,23-11-12,SALE
90973,VOLCANO CHOCOLATE CONE,,,,1,113.8,,113.8,113.8,TIC/1738,S0057,23-11-12,SALE
90973,VOLCANO CHOCOLATE CONE,,,,1,113.8,,113.8,113.8,TIC/1739,S0061,23-11-12,SALE
90973,VOLCANO CHOCOLATE CONE,,,,1,113.8,,113.8,113.8,TIC/1755,M0025,23-11-12,SALE
90973,VOLCANO CHOCOLATE CONE,,,,1,113.8,,113.8,113.8,TIC/1734,M0022,24-11-12,SALE
90973,VOLCANO CHOCOLATE CONE,,,,1,113.8,,113.8,113.8,TIC/1735,N0009,24-11-12,SALE
90973,VOLCANO CHOCOLATE CONE,,,,4,113.8,,455.2,455.2,TIC/1771,D0017,24-11-12,SALE
90973,VOLCANO CHOCOLATE CONE,,,,3,113.8,,341.4,341.4,TIC/1775,S0057,24-11-12,SALE
90973,VOLCANO CHOCOLATE CONE,,,,5,113.8,,569,569,TIC/1693,S0045,25-11-12,SALE
90973,VOLCANO CHOCOLATE CONE,,,,1,113.8,,113.8,113.8,TIC/1736,B0004,25-11-12,SALE
90973,VOLCANO CHOCOLATE CONE,,,,2,113.8,,227.6,227.6,TIC/1770,H0034,25-11-12,SALE
90973,VOLCANO CHOCOLATE CONE,,,,2,113.8,,227.6,227.6,TIC/1678,S0048,26-11-12,SALE
90973,VOLCANO CHOCOLATE CONE,,,,3,113.8,,341.4,341.4,TIC/1679,S0057,26-11-12,SALE
90973,VOLCANO CHOCOLATE CONE,,,,4,113.8,,455.2,455.2,TIC/1695,H0035,26-11-12,SALE
90973,VOLCANO CHOCOLATE CONE,,,,3,113.8,,341.4,341.4,TIC/1794,N0007,26-11-12,SALE
90973,VOLCANO CHOCOLATE CONE,,,,1,113.8,,113.8,113.8,TIC/1795,J0014,26-11-12,SALE
90973,VOLCANO CHOCOLATE CONE,,,,1,113.8,,113.8,113.8,TIC/1778,H0057,27-11-12,SALE
90973,VOLCANO CHOCOLATE CONE,,,,4,113.8,,455.2,455.2,TIC/1782,D0017,27-11-12,SALE
90973,VOLCANO CHOCOLATE CONE,,,,1,113.8,,113.8,113.8,TIC/1793,N0010,28-11-12,SALE
90973,VOLCANO CHOCOLATE CONE,,,,3,113.8,,341.4,341.4,TIC/1697,H0041,29-11-12,SALE
90973,VOLCANO CHOCOLATE CONE,,,,2,113.8,,227.6,227.6,TIC/1790,B0018,29-11-12,SALE
90973,VOLCANO CHOCOLATE CONE,,,,4,113.8,,455.2,455.2,TIC/1772,P0011,30-11-12,SALE
90973,VOLCANO CHOCOLATE CONE,,,,3,113.8,,341.4,341.4,TIC/1809,P0009,30-11-12,SALE
90973,VOLCANO CHOCOLATE CONE,,,,3,113.8,,341.4,341.4,TIC/1811,H0036,30-11-12,SALE
90973,VOLCANO CHOCOLATE CONE,,,,1,113.8,,113.8,113.8,TIC/1814,T0011,30-11-12,SALE
90973,VOLCANO CHOCOLATE CONE,,,,3,113.8,,341.4,341.4,TIC/1808,S0056,01-12-12,SALE
90973,VOLCANO CHOCOLATE CONE,,,,2,113.8,,227.6,227.6,TIC/1819,D0017,01-12-12,SALE
90973,VOLCANO CHOCOLATE CONE,,,,2,113.8,,227.6,227.6,TIC/1816,D0017,02-12-12,SALE
90973,VOLCANO CHOCOLATE CONE,,,,4,113.8,,455.2,455.2,TIC/1817,K0012,02-12-12,SALE
90973,VOLCANO CHOCOLATE CONE,,,,2,113.8,,227.6,227.6,TIC/1818,J0009,02-12-12,SALE
90973,VOLCANO CHOCOLATE CONE,,,,3,113.8,,341.4,341.4,TIC/1824,N0007,03-12-12,SALE
90973,VOLCANO CHOCOLATE CONE,,,,4,113.8,,455.2,455.2,TIC/1821,H0035,05-12-12,SALE
90973,VOLCANO CHOCOLATE CONE,,,,1,113.8,,113.8,113.8,TIC/1845,S0047,05-12-12,SALE
90973,VOLCANO CHOCOLATE CONE,,,,2,113.8,,227.6,227.6,TIC/1837,G0018,06-12-12,SALE
90973,VOLCANO CHOCOLATE CONE,,,,3,113.8,,341.4,341.4,TIC/1838,H0041,06-12-12,SALE
90973,VOLCANO CHOCOLATE CONE,,,,10,113.8,,1138,1138,TIC/1842,S0051,06-12-12,SALE
90973,VOLCANO CHOCOLATE CONE,,,,3,113.8,,341.4,341.4,TIC/1851,S0056,07-12-12,SALE
90973,VOLCANO CHOCOLATE CONE,,,,1,113.8,,113.8,113.8,TIC/1853,S0057,07-12-12,SALE
90973,VOLCANO CHOCOLATE CONE,,,,2,113.8,,227.6,227.6,TIC/1863,N0007,07-12-12,SALE
90973,VOLCANO CHOCOLATE CONE,,,,1,113.8,,113.8,113.8,TIC/1864,N0009,07-12-12,SALE
90973,VOLCANO CHOCOLATE CONE,,,,3,113.8,,341.4,341.4,TIC/1832,P0011,08-12-12,SALE
90973,VOLCANO CHOCOLATE CONE,,,,4,113.8,,455.2,455.2,TIC/1841,F0009,08-12-12,SALE
90973,VOLCANO CHOCOLATE CONE,,,,1,113.8,,113.8,113.8,TIC/1868,B0018,10-12-12,SALE
90973,VOLCANO CHOCOLATE CONE,,,,1,113.8,,113.8,113.8,TIC/1877,R0019,10-12-12,SALE
90973,VOLCANO CHOCOLATE CONE,,,,3,113.8,,341.4,341.4,TIC/1871,K0012,15-12-12,SALE
90973,VOLCANO CHOCOLATE CONE,,,,3,113.8,,341.4,341.4,TIC/1904,N0007,16-12-12,SALE
90973,VOLCANO CHOCOLATE CONE,,,,1,113.8,,113.8,113.8,TIC/1915,M0022,16-12-12,SALE
90973,VOLCANO CHOCOLATE CONE,,,,1,113.8,,113.8,113.8,TIC/1918,S0047,17-12-12,SALE
90973,VOLCANO CHOCOLATE CONE,,,,3,113.8,,341.4,341.4,TIC/1919,P0011,17-12-12,SALE
90973,VOLCANO CHOCOLATE CONE,,,,2,113.8,,227.6,227.6,TIC/1920,N0009,17-12-12,SALE
90973,VOLCANO CHOCOLATE CONE,,,,2,113.8,,227.6,227.6,TIC/1925,S0043,18-12-12,SALE
90973,VOLCANO CHOCOLATE CONE,,,,3,113.8,,341.4,341.4,TIC/1908,D0017,19-12-12,SALE
90973,VOLCANO CHOCOLATE CONE,,,,4,113.8,,455.2,455.2,TIC/1912,J0014,19-12-12,SALE
90973,VOLCANO CHOCOLATE CONE,,,,2,113.8,,227.6,227.6,TIC/1916,B0004,19-12-12,SALE
90973,VOLCANO CHOCOLATE CONE,,,,1,113.8,,113.8,113.8,TIC/1902,R0019,20-12-12,SALE
90973,VOLCANO CHOCOLATE CONE,,,,2,113.8,,227.6,227.6,TIC/1911,K0012,20-12-12,SALE
90973,VOLCANO CHOCOLATE CONE,,,,2,113.8,,227.6,227.6,TIC/1930,R0019,20-12-12,SALE
90973,VOLCANO CHOCOLATE CONE,,,,1,113.8,,113.8,113.8,TIC/1909,R0019,21-12-12,SALE
90973,VOLCANO CHOCOLATE CONE,,,,2,113.8,,227.6,227.6,TIC/1924,N0007,22-12-12,SALE
90973,VOLCANO CHOCOLATE CONE,,,,1,113.8,,113.8,113.8,TIC/1931,M0025,22-12-12,SALE
90973,VOLCANO CHOCOLATE CONE,,,,2,113.8,,227.6,227.6,TIC/1926,B0018,23-12-12,SALE
90973,VOLCANO CHOCOLATE CONE,,,,5,113.8,,569,569,TIC/1928,S0045,23-12-12,SALE
90973,VOLCANO CHOCOLATE CONE,,,,3,113.8,,341.4,341.4,TIC/1965,H0041,23-12-12,SALE
90973,VOLCANO CHOCOLATE CONE,,,,4,113.8,,455.2,455.2,TIC/1967,H0035,23-12-12,SALE
90973,VOLCANO CHOCOLATE CONE,,,,3,113.8,,341.4,341.4,TIC/1969,H0041,24-12-12,SALE
90973,VOLCANO CHOCOLATE CONE,,,,2,113.8,,227.6,227.6,TIC/1970,N0009,24-12-12,SALE
90973,VOLCANO CHOCOLATE CONE,,,,1,113.8,,113.8,113.8,TIC/1993,K0013,24-12-12,SALE
90973,VOLCANO CHOCOLATE CONE,,,,3,113.8,,341.4,341.4,TIC/1977,K0012,25-12-12,SALE
90973,VOLCANO CHOCOLATE CONE,,,,3,113.8,,341.4,341.4,TIC/1994,S0057,25-12-12,SALE
90973,VOLCANO CHOCOLATE CONE,,,,3,113.8,,341.4,341.4,TIC/1975,N0007,26-12-12,SALE
90973,VOLCANO CHOCOLATE CONE,,,,1,113.8,,113.8,113.8,TIC/1976,P0015,26-12-12,SALE
90973,VOLCANO CHOCOLATE CONE,,,,3,113.8,,341.4,341.4,TIC/2009,R0019,27-12-12,SALE
90973,VOLCANO CHOCOLATE CONE,,,,1,113.8,,113.8,113.8,TIC/2011,S0045,27-12-12,SALE
90973,VOLCANO CHOCOLATE CONE,,,,1,113.8,,113.8,113.8,TIC/2012,H0035,27-12-12,SALE
90973,VOLCANO CHOCOLATE CONE,,,,3,113.8,,341.4,341.4,TIC/2027,P0011,30-12-12,SALE
90973,VOLCANO CHOCOLATE CONE,,,,3,113.8,,341.4,341.4,TIC/2030,H0035,30-12-12,SALE
90973,VOLCANO CHOCOLATE CONE,,,,3,113.8,,341.4,341.4,TIC/2035,N0007,31-12-12,SALE
90973,VOLCANO CHOCOLATE CONE,,,,6,113.8,,682.8,682.8,TIC/2038,D0017,31-12-12,SALE
90973,VOLCANO CHOCOLATE CONE,,,,2,113.8,,227.6,227.6,TIC/2048,H0041,31-12-12,SALE
90973,VOLCANO CHOCOLATE CONE,,,,2,113.8,,227.6,227.6,TIC/1986,G0018,02-01-13,SALE
90973,VOLCANO CHOCOLATE CONE,,,,2,113.8,,227.6,227.6,TIC/2004,B0018,02-01-13,SALE
90973,VOLCANO CHOCOLATE CONE,,,,1,113.8,,113.8,113.8,TIC/2003,H0056,03-01-13,SALE
90973,VOLCANO CHOCOLATE CONE,,,,2,113.8,,227.6,227.6,TIC/2047,B0018,03-01-13,SALE
90973,VOLCANO CHOCOLATE CONE,,,,1,113.8,,113.8,113.8,TIC/2033,P0015,05-01-13,SALE
90973,VOLCANO CHOCOLATE CONE,,,,4,113.8,,455.2,455.2,TIC/2002,S0056,09-01-13,SALE
90973,VOLCANO CHOCOLATE CONE,,,,3,113.8,,341.4,341.4,TIC/2096,R0019,10-01-13,SALE
90973,VOLCANO CHOCOLATE CONE,,,,4,113.8,,455.2,455.2,TIC/2043,H0028,11-01-13,SALE
90973,VOLCANO CHOCOLATE CONE,,,,4,113.8,,455.2,455.2,TIC/2112,D0017,11-01-13,SALE
90973,VOLCANO CHOCOLATE CONE,,,,2,113.8,,227.6,227.6,TIC/2114,K0013,12-01-13,SALE
90973,VOLCANO CHOCOLATE CONE,,,,2,113.8,,227.6,227.6,TIC/2123,K0012,13-01-13,SALE
90973,VOLCANO CHOCOLATE CONE,,,,3,113.8,,341.4,341.4,TIC/2126,M0025,13-01-13,SALE
90973,VOLCANO CHOCOLATE CONE,,,,4,113.8,,455.2,455.2,TIC/2130,B0004,13-01-13,SALE
90973,VOLCANO CHOCOLATE CONE,,,,2,113.8,,227.6,227.6,TIC/2121,N0007,14-01-13,SALE
90973,VOLCANO CHOCOLATE CONE,,,,1,113.8,,113.8,113.8,TIC/2129,H0042,15-01-13,SALE
90973,VOLCANO CHOCOLATE CONE,,,,3,113.8,,341.4,341.4,TIC/2106,P0011,16-01-13,SALE
90973,VOLCANO CHOCOLATE CONE,,,,1,113.8,,113.8,113.8,TIC/2133,K0012,16-01-13,SALE
90973,VOLCANO CHOCOLATE CONE,,,,4,113.8,,455.2,455.2,TIC/2143,H0034,16-01-13,SALE
90973,VOLCANO CHOCOLATE CONE,,,,10,113.8,,1138,1138,TIC/2149,S0051,17-01-13,SALE
90973,VOLCANO CHOCOLATE CONE,,,,2,113.8,,227.6,227.6,TIC/2152,S0053,17-01-13,SALE
90973,VOLCANO CHOCOLATE CONE,,,,1,113.8,,113.8,113.8,TIC/2163,T0011,18-01-13,SALE
90973,VOLCANO CHOCOLATE CONE,,,,2,113.8,,227.6,227.6,TIC/2165,P0015,18-01-13,SALE
90973,VOLCANO CHOCOLATE CONE,,,,6,113.8,,682.8,682.8,TIC/2166,D0017,18-01-13,SALE
90973,VOLCANO CHOCOLATE CONE,,,,4,113.8,,455.2,455.2,TIC/2097,K0012,19-01-13,SALE
90973,VOLCANO CHOCOLATE CONE,,,,2,113.8,,227.6,227.6,TIC/2119,R0020,19-01-13,SALE
90973,VOLCANO CHOCOLATE CONE,,,,5,113.8,,569,569,TIC/2147,N0007,19-01-13,SALE
90973,VOLCANO CHOCOLATE CONE,,,,2,113.8,,227.6,227.6,TIC/2098,J0014,20-01-13,SALE
90973,VOLCANO CHOCOLATE CONE,,,,1,113.8,,113.8,113.8,TIC/2100,B0004,20-01-13,SALE
90973,VOLCANO CHOCOLATE CONE,,,,4,113.8,,455.2,455.2,TIC/2105,H0035,20-01-13,SALE
90973,VOLCANO CHOCOLATE CONE,,,,2,113.8,,227.6,227.6,TIC/2115,M0020,20-01-13,SALE
90973,VOLCANO CHOCOLATE CONE,,,,1,113.8,,113.8,113.8,TIC/2101,B0018,21-01-13,SALE
90973,VOLCANO CHOCOLATE CONE,,,,1,113.8,,113.8,113.8,TIC/2108,P0015,21-01-13,SALE
90973,VOLCANO CHOCOLATE CONE,,,,2,113.8,,227.6,227.6,TIC/2170,N0007,21-01-13,SALE
90973,VOLCANO CHOCOLATE CONE,,,,1,113.8,,113.8,113.8,TIC/2099,N0009,22-01-13,SALE
90973,VOLCANO CHOCOLATE CONE,,,,3,113.8,,341.4,341.4,TIC/2102,H0041,22-01-13,SALE
90973,VOLCANO CHOCOLATE CONE,,,,2,113.8,,227.6,227.6,TIC/2109,S0056,26-01-13,SALE
90973,VOLCANO CHOCOLATE CONE,,,,1,113.8,,113.8,113.8,TIC/2172,K0013,26-01-13,SALE
90973,VOLCANO CHOCOLATE CONE,,,,3,113.8,,341.4,341.4,TIC/2157,H0041,29-01-13,SALE
90973,VOLCANO CHOCOLATE CONE,,,,2,113.8,,227.6,227.6,TIC/2210,B0018,03-02-13,SALE
90973,VOLCANO CHOCOLATE CONE,,,,3,113.8,,341.4,341.4,TIC/2215,K0012,03-02-13,SALE
90973,VOLCANO CHOCOLATE CONE,,,,2,113.8,,227.6,227.6,TIC/2216,R0020,06-02-13,SALE
90973,VOLCANO CHOCOLATE CONE,,,,3,113.8,,341.4,341.4,TIC/2221,R0019,06-02-13,SALE
90973,VOLCANO CHOCOLATE CONE,,,,3,113.8,,341.4,341.4,TIC/2220,S0045,08-02-13,SALE
90973,VOLCANO CHOCOLATE CONE,,,,4,113.8,,455.2,455.2,TIC/2223,J0014,09-02-13,SALE
90973,VOLCANO CHOCOLATE CONE,,,,1,113.8,,113.8,113.8,TIC/2208,A0014,10-02-13,SALE
90973,VOLCANO CHOCOLATE CONE,,,,4,113.8,,455.2,455.2,TIC/2262,H0035,11-02-13,SALE
90973,VOLCANO CHOCOLATE CONE,,,,1,113.8,,113.8,113.8,TIC/2265,P0015,11-02-13,SALE
90973,VOLCANO CHOCOLATE CONE,,,,4,113.8,,455.2,455.2,TIC/2404,D0017,12-02-13,SALE
90973,VOLCANO CHOCOLATE CONE,,,,2,113.8,,227.6,227.6,TIC/2274,K0013,13-02-13,SALE
90973,VOLCANO CHOCOLATE CONE,,,,4,113.8,,455.2,455.2,TIC/2281,N0007,13-02-13,SALE
90973,VOLCANO CHOCOLATE CONE,,,,1,113.8,,113.8,113.8,TIC/2282,G0010,13-02-13,SALE
90973,VOLCANO CHOCOLATE CONE,,,,2,113.8,,227.6,227.6,TIC/2283,M0020,13-02-13,SALE
90973,VOLCANO CHOCOLATE CONE,,,,1,113.8,,113.8,113.8,TIC/2284,J0010,13-02-13,SALE
90973,VOLCANO CHOCOLATE CONE,,,,2,113.8,,227.6,227.6,TIC/2288,S0043,14-02-13,SALE
90973,VOLCANO CHOCOLATE CONE,,,,6,113.8,,682.8,682.8,TIC/2290,B0004,14-02-13,SALE
90973,VOLCANO CHOCOLATE CONE,,,,3,113.8,,341.4,341.4,TIC/2292,K0012,14-02-13,SALE
90973,VOLCANO CHOCOLATE CONE,,,,2,113.8,,227.6,227.6,TIC/2293,M0022,14-02-13,SALE
90973,VOLCANO CHOCOLATE CONE,,,,6,113.8,,682.8,682.8,TIC/2240,D0017,15-02-13,SALE
90973,VOLCANO CHOCOLATE CONE,,,,1,113.8,,113.8,113.8,TIC/2296,D0022,15-02-13,SALE
90973,VOLCANO CHOCOLATE CONE,,,,2,113.8,,227.6,227.6,TIC/2302,R0019,17-02-13,SALE
90973,VOLCANO CHOCOLATE CONE,,,,1,113.8,,113.8,113.8,TIC/2306,D0014,17-02-13,SALE
90973,VOLCANO CHOCOLATE CONE,,,,3,113.8,,341.4,341.4,TIC/2308,H0034,17-02-13,SALE
90973,VOLCANO CHOCOLATE CONE,,,,3,113.8,,341.4,341.4,TIC/2309,H0035,17-02-13,SALE
90973,VOLCANO CHOCOLATE CONE,,,,1,113.8,,113.8,113.8,TIC/2332,K0009,18-02-13,SALE
90973,VOLCANO CHOCOLATE CONE,,,,2,113.8,,227.6,227.6,TIC/2333,P0011,18-02-13,SALE
90973,VOLCANO CHOCOLATE CONE,,,,1,113.8,,113.8,113.8,TIC/2269,P0011,19-02-13,SALE
90973,VOLCANO CHOCOLATE CONE,,,,2,113.8,,227.6,227.6,TIC/2321,H0034,19-02-13,SALE
90973,VOLCANO CHOCOLATE CONE,,,,2,113.8,,227.6,227.6,TIC/2322,M0020,19-02-13,SALE
90973,VOLCANO CHOCOLATE CONE,,,,2,113.8,,227.6,227.6,TIC/2330,J0014,20-02-13,SALE
90973,VOLCANO CHOCOLATE CONE,,,,4,113.8,,455.2,455.2,TIC/2331,D0017,20-02-13,SALE
90973,VOLCANO CHOCOLATE CONE,,,,3,113.8,,341.4,341.4,TIC/2304,S0045,21-02-13,SALE
90973,VOLCANO CHOCOLATE CONE,,,,3,113.8,,341.4,341.4,TIC/2307,N0007,21-02-13,SALE
90973,VOLCANO CHOCOLATE CONE,,,,2,113.8,,227.6,227.6,TIC/2335,S0045,21-02-13,SALE
90973,VOLCANO CHOCOLATE CONE,,,,1,113.8,,113.8,113.8,TIC/2338,B0004,22-02-13,SALE
90973,VOLCANO CHOCOLATE CONE,,,,1,113.8,,113.8,113.8,TIC/2340,D0022,22-02-13,SALE
90973,VOLCANO CHOCOLATE CONE,,,,2,113.8,,227.6,227.6,TIC/2341,H0036,22-02-13,SALE
90973,VOLCANO CHOCOLATE CONE,,,,2,113.8,,227.6,227.6,TIC/2343,N0009,22-02-13,SALE
90973,VOLCANO CHOCOLATE CONE,,,,3,113.8,,341.4,341.4,TIC/2315,R0019,23-02-13,SALE
90973,VOLCANO CHOCOLATE CONE,,,,5,113.8,,569,569,TIC/2327,N0007,23-02-13,SALE
90973,VOLCANO CHOCOLATE CONE,,,,2,113.8,,227.6,227.6,TIC/2348,P0015,24-02-13,SALE
90973,VOLCANO CHOCOLATE CONE,,,,2,113.8,,227.6,227.6,TIC/2350,B0018,24-02-13,SALE
90973,VOLCANO CHOCOLATE CONE,,,,1,113.8,,113.8,113.8,TIC/2367,H0028,24-02-13,SALE
90973,VOLCANO CHOCOLATE CONE,,,,2,113.8,,227.6,227.6,TIC/2368,O0005,24-02-13,SALE
90973,VOLCANO CHOCOLATE CONE,,,,1,113.8,,113.8,113.8,TIC/2345,M0022,25-02-13,SALE
90973,VOLCANO CHOCOLATE CONE,,,,5,113.8,,569,569,TIC/2353,F0009,25-02-13,SALE
90973,VOLCANO CHOCOLATE CONE,,,,2,113.8,,227.6,227.6,TIC/2317,K0012,26-02-13,SALE
90973,VOLCANO CHOCOLATE CONE,,,,4,113.8,,455.2,455.2,TIC/2320,H0035,26-02-13,SALE
90973,VOLCANO CHOCOLATE CONE,,,,4,113.8,,455.2,455.2,TIC/2347,N0007,26-02-13,SALE
90973,VOLCANO CHOCOLATE CONE,,,,1,113.8,,113.8,113.8,TIC/2323,M0031,27-02-13,SALE
90973,VOLCANO CHOCOLATE CONE,,,,2,113.8,,227.6,227.6,TIC/2318,S0047,28-02-13,SALE
90973,VOLCANO CHOCOLATE CONE,,,,3,113.8,,341.4,341.4,TIC/2399,S0051,28-02-13,SALE
90973,VOLCANO CHOCOLATE CONE,,,,3,113.8,,341.4,341.4,TIC/2402,D0022,28-02-13,SALE
90973,VOLCANO CHOCOLATE CONE,,,,2,113.8,,227.6,227.6,TIC/2362,S0056,01-03-13,SALE
90973,VOLCANO CHOCOLATE CONE,,,,2,113.8,,227.6,227.6,TIC/2405,K0012,01-03-13,SALE
90973,VOLCANO CHOCOLATE CONE,,,,1,113.8,,113.8,113.8,TIC/2406,S0056,01-03-13,SALE
90973,VOLCANO CHOCOLATE CONE,,,,3,113.8,,341.4,341.4,TIC/2354,S0054,03-03-13,SALE
90973,VOLCANO CHOCOLATE CONE,,,,5,113.8,,569,569,TIC/2420,H0034,03-03-13,SALE
90973,VOLCANO CHOCOLATE CONE,,,,2,113.8,,227.6,227.6,TIC/2421,P0009,03-03-13,SALE
90973,VOLCANO CHOCOLATE CONE,,,,2,113.8,,227.6,227.6,TIC/2397,L0004,04-03-13,SALE
90973,VOLCANO CHOCOLATE CONE,,,,3,113.8,,341.4,341.4,TIC/2417,N0007,06-03-13,SALE
90973,VOLCANO CHOCOLATE CONE,,,,3,113.8,,341.4,341.4,TIC/2418,R0019,06-03-13,SALE
90973,VOLCANO CHOCOLATE CONE,,,,3,113.8,,341.4,341.4,TIC/2447,J0014,07-03-13,SALE
90973,VOLCANO CHOCOLATE CONE,,,,5,113.8,,569,569,TIC/2449,B0004,07-03-13,SALE
90973,VOLCANO CHOCOLATE CONE,,,,3,113.8,,341.4,341.4,TIC/2451,K0012,07-03-13,SALE
90973,VOLCANO CHOCOLATE CONE,,,,4,113.8,,455.2,455.2,TIC/2455,H0035,07-03-13,SALE
90973,VOLCANO CHOCOLATE CONE,,,,4,113.8,,455.2,455.2,TIC/2457,S0045,07-03-13,SALE
90973,VOLCANO CHOCOLATE CONE,,,,2,113.8,,227.6,227.6,TIC/2460,J0010,07-03-13,SALE
90973,VOLCANO CHOCOLATE CONE,,,,3,113.8,,341.4,341.4,TIC/2463,D0022,08-03-13,SALE
90973,VOLCANO CHOCOLATE CONE,,,,1,113.8,,113.8,113.8,TIC/2464,P0015,08-03-13,SALE
90973,VOLCANO CHOCOLATE CONE,,,,2,113.8,,227.6,227.6,TIC/2466,B0018,08-03-13,SALE
90973,VOLCANO CHOCOLATE CONE,,,,2,113.8,,227.6,227.6,TIC/2470,R0019,08-03-13,SALE
90973,VOLCANO CHOCOLATE CONE,,,,2,113.8,,227.6,227.6,TIC/2396,J0014,10-03-13,SALE
90973,VOLCANO CHOCOLATE CONE,,,,2,113.8,,227.6,227.6,TIC/2400,O0005,10-03-13,SALE
90973,VOLCANO CHOCOLATE CONE,,,,4,113.8,,455.2,455.2,TIC/2478,D0017,10-03-13,SALE
90973,VOLCANO CHOCOLATE CONE,,,,3,113.8,,341.4,341.4,TIC/2474,V0012,11-03-13,SALE
90973,VOLCANO CHOCOLATE CONE,,,,1,113.8,,113.8,113.8,TIC/2475,S0058,11-03-13,SALE
90973,VOLCANO CHOCOLATE CONE,,,,2,113.8,,227.6,227.6,TIC/2482,R0019,11-03-13,SALE
90973,VOLCANO CHOCOLATE CONE,,,,6,113.8,,682.8,682.8,TIC/2454,N0007,15-03-13,SALE
90973,VOLCANO CHOCOLATE CONE,,,,4,113.8,,455.2,455.2,TIC/2497,J0014,15-03-13,SALE
90973,VOLCANO CHOCOLATE CONE,,,,6,113.8,,682.8,682.8,TIC/2498,N0007,15-03-13,SALE
90973,VOLCANO CHOCOLATE CONE,,,,4,113.8,,455.2,455.2,TIC/2500,D0022,15-03-13,SALE
90973,VOLCANO CHOCOLATE CONE,,,,1,113.8,,113.8,113.8,TIC/2422,K0012,16-03-13,SALE
90973,VOLCANO CHOCOLATE CONE,,,,2,113.8,,227.6,227.6,TIC/2496,K0013,16-03-13,SALE
90973,VOLCANO CHOCOLATE CONE,,,,3,113.8,,341.4,341.4,TIC/2508,H0034,16-03-13,SALE
90973,VOLCANO CHOCOLATE CONE,,,,2,113.8,,227.6,227.6,TIC/2472,M0020,19-03-13,SALE
90973,VOLCANO CHOCOLATE CONE,,,,1,113.8,,113.8,113.8,TIC/2504,H0046,19-03-13,SALE
90973,VOLCANO CHOCOLATE CONE,,,,2,113.8,,227.6,227.6,TIC/2505,S0047,19-03-13,SALE
90973,VOLCANO CHOCOLATE CONE,,,,4,113.8,,455.2,455.2,TIC/2540,D0022,19-03-13,SALE
90973,VOLCANO CHOCOLATE CONE,,,,2,113.8,,227.6,227.6,TIC/2542,K0012,19-03-13,SALE
90973,VOLCANO CHOCOLATE CONE,,,,1,113.8,,113.8,113.8,TIC/2543,M0031,19-03-13,SALE
90973,VOLCANO CHOCOLATE CONE,,,,4,113.8,,455.2,455.2,TIC/2547,H0035,19-03-13,SALE
90973,VOLCANO CHOCOLATE CONE,,,,13,113.8,,1479.4,1479.4,TIC/2553,D0017,19-03-13,SALE
90973,VOLCANO CHOCOLATE CONE,,,,2,113.8,,227.6,227.6,TIC/2501,V0012,20-03-13,SALE
90973,VOLCANO CHOCOLATE CONE,,,,1,113.8,,113.8,113.8,TIC/2503,B0018,22-03-13,SALE
90973,VOLCANO CHOCOLATE CONE,,,,5,113.8,,569,569,TIC/2539,N0007,22-03-13,SALE
90973,VOLCANO CHOCOLATE CONE,,,,2,113.8,,227.6,227.6,TIC/2537,R0019,23-03-13,SALE
90973,VOLCANO CHOCOLATE CONE,,,,2,113.8,,227.6,227.6,TIC/2369,N0009,24-03-13,SALE
90973,VOLCANO CHOCOLATE CONE,,,,5,113.8,,569,569,TIC/2594,D0022,24-03-13,SALE
90973,VOLCANO CHOCOLATE CONE,,,,3,113.8,,341.4,341.4,TIC/2596,J0009,24-03-13,SALE
90973,VOLCANO CHOCOLATE CONE,,,,3,113.8,,341.4,341.4,TIC/2599,H0028,24-03-13,SALE
90973,VOLCANO CHOCOLATE CONE,,,,2,113.8,,227.6,227.6,TIC/2601,P0009,24-03-13,SALE
90973,VOLCANO CHOCOLATE CONE,,,,10,113.8,,1138,1138,TIC/2607,N0007,24-03-13,SALE
90973,VOLCANO CHOCOLATE CONE,,,,1,113.8,,113.8,113.8,TIC/2625,H0035,25-03-13,SALE
90973,VOLCANO CHOCOLATE CONE,,,,2,113.8,,227.6,227.6,TIC/2633,J0010,27-03-13,SALE
90973,VOLCANO CHOCOLATE CONE,,,,1,113.8,,113.8,113.8,TIC/2554,J0014,28-03-13,SALE
90973,VOLCANO CHOCOLATE CONE,,,,1,113.8,,113.8,113.8,TIC/2635,M0022,28-03-13,SALE
90973,VOLCANO CHOCOLATE CONE,,,,2,113.8,,227.6,227.6,TIC/2636,T0006,28-03-13,SALE
90973,VOLCANO CHOCOLATE CONE,,,,4,113.8,,455.2,455.2,TIC/2637,B0004,28-03-13,SALE
90973,VOLCANO CHOCOLATE CONE,,,,2,113.8,,227.6,227.6,TIC/2549,J0010,29-03-13,SALE
90973,VOLCANO CHOCOLATE CONE,,,,1,113.8,,113.8,113.8,TIC/2557,T0006,29-03-13,SALE
90973,VOLCANO CHOCOLATE CONE,,,,3,113.8,,341.4,341.4,TIC/2643,F0009,29-03-13,SALE
90973,VOLCANO CHOCOLATE CONE,,,,4,113.8,,455.2,455.2,TIC/2661,D0022,29-03-13,SALE
90973,VOLCANO CHOCOLATE CONE,,,,4,113.8,,455.2,455.2,TIC/2644,H0034,30-03-13,SALE
90973,VOLCANO CHOCOLATE CONE,,,,5,113.8,,569,569,TIC/2645,H0041,30-03-13,SALE
90973,VOLCANO CHOCOLATE CONE,,,,2,113.8,,227.6,227.6,TIC/2646,H0036,30-03-13,SALE
90973,VOLCANO CHOCOLATE CONE,,,,4,113.8,,455.2,455.2,TIC/2650,N0007,30-03-13,SALE
90973,VOLCANO CHOCOLATE CONE,,,,1,113.8,,113.8,113.8,TIC/2651,G0010,31-03-13,SALE
90973,VOLCANO CHOCOLATE CONE,,,,1,113.8,,113.8,113.8,TIC/2653,K0013,31-03-13,SALE
90973,VOLCANO CHOCOLATE CONE,,,,3,113.8,,341.4,341.4,TIC/2656,J0014,31-03-13,SALE
90973,VOLCANO CHOCOLATE CONE,,,,4,113.8,,455.2,455.2,TIC/2657,K0012,31-03-13,SALE
90973,VOLCANO CHOCOLATE CONE,,,,2,113.8,,227.6,227.6,TIC/2658,R0014,31-03-13,SALE
90973,VOLCANO CHOCOLATE CONE,,,,3,113.8,,341.4,341.4,TIC/2660,M0025,31-03-13,SALE
90973,VOLCANO CHOCOLATE CONE,,,,2,113.8,,227.6,227.6,TIC/2674,N0009,31-03-13,SALE
90973,VOLCANO CHOCOLATE CONE,,,,3,113.8,,341.4,341.4,TIC/2675,H0028,31-03-13,SALE
90973,VOLCANO CHOCOLATE CONE,,,,3,113.8,,341.4,341.4,TIC/2676,F0009,31-03-13,SALE
90973,VOLCANO CHOCOLATE CONE,,,,8,113.8,,910.4,910.4,TIC/0001,N0007,01-04-13,SALE
90973,VOLCANO CHOCOLATE CONE,,,,2,113.8,,227.6,227.6,TIC/0005,K0012,01-04-13,SALE
90973,VOLCANO CHOCOLATE CONE,,,,2,113.8,,227.6,227.6,TIC/0006,H0036,01-04-13,SALE
90973,VOLCANO CHOCOLATE CONE,,,,5,113.8,,569,569,TIC/0007,S0045,02-04-13,SALE
90973,VOLCANO CHOCOLATE CONE,,,,1,113.8,,113.8,113.8,TIC/0011,K0014,02-04-13,SALE
90973,VOLCANO CHOCOLATE CONE,,,,3,113.8,,341.4,341.4,TIC/0015,R0019,03-04-13,SALE
90973,VOLCANO CHOCOLATE CONE,,,,8,113.8,,910.4,910.4,TIC/0016,D0017,03-04-13,SALE
90973,VOLCANO CHOCOLATE CONE,,,,4,113.8,,455.2,455.2,TIC/0042,D0022,06-04-13,SALE
90973,VOLCANO CHOCOLATE CONE,,,,2,113.8,,227.6,227.6,TIC/0047,K0012,06-04-13,SALE
90973,VOLCANO CHOCOLATE CONE,,,,4,113.8,,455.2,455.2,TIC/0049,J0014,06-04-13,SALE
90973,VOLCANO CHOCOLATE CONE,,,,2,113.8,,227.6,227.6,TIC/0057,P0009,07-04-13,SALE
90973,VOLCANO CHOCOLATE CONE,,,,1,113.8,,113.8,113.8,TIC/0059,S0044,07-04-13,SALE
90973,VOLCANO CHOCOLATE CONE,,,,1,113.8,,113.8,113.8,TIC/0064,H0034,07-04-13,SALE
90973,VOLCANO CHOCOLATE CONE,,,,8,113.8,,910.4,910.4,TIC/0066,N0007,08-04-13,SALE
90973,VOLCANO CHOCOLATE CONE,,,,3,113.8,,341.4,341.4,TIC/0079,S0064,08-04-13,SALE
90973,VOLCANO CHOCOLATE CONE,,,,1,113.8,,113.8,113.8,TIC/0080,R0019,08-04-13,SALE
90973,VOLCANO CHOCOLATE CONE,,,,2,113.8,,227.6,227.6,TIC/0091,K0013,11-04-13,SALE
90973,VOLCANO CHOCOLATE CONE,,,,6,113.8,,682.8,682.8,TIC/0094,N0007,11-04-13,SALE
90973,VOLCANO CHOCOLATE CONE,,,,4,113.8,,455.2,455.2,TIC/0095,K0012,11-04-13,SALE
90973,VOLCANO CHOCOLATE CONE,,,,2,113.8,,227.6,227.6,TIC/0096,D0017,11-04-13,SALE
90973,VOLCANO CHOCOLATE CONE,,,,4,113.8,,455.2,455.2,TIC/0103,H0035,12-04-13,SALE
90973,VOLCANO CHOCOLATE CONE,,,,2,113.8,,227.6,227.6,TIC/0110,J0010,12-04-13,SALE
90973,VOLCANO CHOCOLATE CONE,,,,2,113.8,,227.6,227.6,TIC/0112,S0064,12-04-13,SALE
90973,VOLCANO CHOCOLATE CONE,,,,2,113.8,,227.6,227.6,TIC/0116,M0022,13-04-13,SALE
90973,VOLCANO CHOCOLATE CONE,,,,1,113.8,,113.8,113.8,TIC/0117,K0012,13-04-13,SALE
90973,VOLCANO CHOCOLATE CONE,,,,1,113.8,,113.8,113.8,TIC/0120,B0018,13-04-13,SALE
90973,VOLCANO CHOCOLATE CONE,,,,3,113.8,,341.4,341.4,TIC/0123,L0004,13-04-13,SALE
90973,VOLCANO CHOCOLATE CONE,,,,4,113.8,,455.2,455.2,TIC/0127,V0012,13-04-13,SALE
90973,VOLCANO CHOCOLATE CONE,,,,3,113.8,,341.4,341.4,TIC/0128,S0045,13-04-13,SALE
90973,VOLCANO CHOCOLATE CONE,,,,3,113.8,,341.4,341.4,TIC/0137,J0014,16-04-13,SALE
90973,VOLCANO CHOCOLATE CONE,,,,2,113.8,,227.6,227.6,TIC/0138,K0013,16-04-13,SALE
90973,VOLCANO CHOCOLATE CONE,,,,3,113.8,,341.4,341.4,TIC/0141,S0057,16-04-13,SALE
90973,VOLCANO CHOCOLATE CONE,,,,2,113.8,,227.6,227.6,TIC/0144,K0012,16-04-13,SALE
90973,VOLCANO CHOCOLATE CONE,,,,2,113.8,,227.6,227.6,TIC/0147,V0012,17-04-13,SALE
90973,VOLCANO CHOCOLATE CONE,,,,2,113.8,,227.6,227.6,TIC/0148,B0018,17-04-13,SALE
90973,VOLCANO CHOCOLATE CONE,,,,2,113.8,,227.6,227.6,TIC/0160,D0022,17-04-13,SALE
90973,VOLCANO CHOCOLATE CONE,,,,2,113.8,,227.6,227.6,TIC/0161,H0034,18-04-13,SALE
90973,VOLCANO CHOCOLATE CONE,,,,6,113.8,,682.8,682.8,TIC/0164,N0007,18-04-13,SALE
90973,VOLCANO CHOCOLATE CONE,,,,1,113.8,,113.8,113.8,TIC/0167,M0030,18-04-13,SALE
90973,VOLCANO CHOCOLATE CONE,,,,2,113.8,,227.6,227.6,TIC/0168,G0010,18-04-13,SALE
90973,VOLCANO CHOCOLATE CONE,,,,3,113.8,,341.4,341.4,TIC/0169,S0053,18-04-13,SALE
90973,VOLCANO CHOCOLATE CONE,,,,3,113.8,,341.4,341.4,TIC/0170,R0019,18-04-13,SALE
90973,VOLCANO CHOCOLATE CONE,,,,3,113.8,,341.4,341.4,TIC/0177,F0009,18-04-13,SALE
90973,VOLCANO CHOCOLATE CONE,,,,3,113.8,,341.4,341.4,TIC/0187,R0019,19-04-13,SALE
90973,VOLCANO CHOCOLATE CONE,,,,3,113.8,,341.4,341.4,TIC/0188,D0022,19-04-13,SALE
90973,VOLCANO CHOCOLATE CONE,,,,8,113.8,,910.4,910.4,TIC/0195,N0007,19-04-13,SALE
90973,VOLCANO CHOCOLATE CONE,,,,12,113.8,,1365.6,1365.6,TIC/0198,D0017,20-04-13,SALE
90973,VOLCANO CHOCOLATE CONE,,,,4,113.8,,455.2,455.2,TIC/0203,H0035,21-04-13,SALE
90973,VOLCANO CHOCOLATE CONE,,,,1,113.8,,113.8,113.8,TIC/0207,K0006,21-04-13,SALE
90973,VOLCANO CHOCOLATE CONE,,,,3,113.8,,341.4,341.4,TIC/0210,H0028,21-04-13,SALE
90973,VOLCANO CHOCOLATE CONE,,,,3,113.8,,341.4,341.4,TIC/0211,R0014,21-04-13,SALE
90973,VOLCANO CHOCOLATE CONE,,,,3,113.8,,341.4,341.4,TIC/0212,F0009,21-04-13,SALE
90973,VOLCANO CHOCOLATE CONE,,,,1,113.8,,113.8,113.8,TIC/0215,K0012,22-04-13,SALE
90973,VOLCANO CHOCOLATE CONE,,,,2,113.8,,227.6,227.6,TIC/0216,P0009,22-04-13,SALE
90973,VOLCANO CHOCOLATE CONE,,,,2,113.8,,227.6,227.6,TIC/0218,J0010,22-04-13,SALE
90973,VOLCANO CHOCOLATE CONE,,,,1,113.8,,113.8,113.8,TIC/0220,J0015,22-04-13,SALE
90973,VOLCANO CHOCOLATE CONE,,,,2,113.8,,227.6,227.6,TIC/0222,S0043,22-04-13,SALE
90973,VOLCANO CHOCOLATE CONE,,,,2,113.8,,227.6,227.6,TIC/0225,R0019,22-04-13,SALE
90973,VOLCANO CHOCOLATE CONE,,,,2,113.8,,227.6,227.6,TIC/0226,P0015,22-04-13,SALE
90973,VOLCANO CHOCOLATE CONE,,,,1,113.8,,113.8,113.8,TIC/0233,S0058,22-04-13,SALE
90973,VOLCANO CHOCOLATE CONE,,,,1,113.8,,113.8,113.8,TIC/0235,B0018,22-04-13,SALE
90973,VOLCANO CHOCOLATE CONE,,,,3,113.8,,341.4,341.4,TIC/0236,K0013,23-04-13,SALE
90973,VOLCANO CHOCOLATE CONE,,,,1,113.8,,113.8,113.8,TIC/0238,A0021,23-04-13,SALE
90973,VOLCANO CHOCOLATE CONE,,,,2,113.8,,227.6,227.6,TIC/0241,K0013,24-04-13,SALE
90973,VOLCANO CHOCOLATE CONE,,,,4,113.8,,455.2,455.2,TIC/0243,H0035,24-04-13,SALE
90973,VOLCANO CHOCOLATE CONE,,,,4,113.8,,455.2,455.2,TIC/0244,P0009,24-04-13,SALE
90973,VOLCANO CHOCOLATE CONE,,,,1,113.8,,113.8,113.8,TIC/0247,S0058,24-04-13,SALE
90973,VOLCANO CHOCOLATE CONE,,,,1,113.8,,113.8,113.8,TIC/0249,M0030,25-04-13,SALE
90973,VOLCANO CHOCOLATE CONE,,,,2,113.8,,227.6,227.6,TIC/0251,V0012,25-04-13,SALE
90973,VOLCANO CHOCOLATE CONE,,,,2,113.8,,227.6,227.6,TIC/0256,J0014,25-04-13,SALE
90973,VOLCANO CHOCOLATE CONE,,,,3,113.8,,341.4,341.4,TIC/0257,K0012,25-04-13,SALE
90973,VOLCANO CHOCOLATE CONE,,,,2,113.8,,227.6,227.6,TIC/0258,S0064,26-04-13,SALE
90973,VOLCANO CHOCOLATE CONE,,,,3,113.8,,341.4,341.4,TIC/0260,D0022,26-04-13,SALE
90973,VOLCANO CHOCOLATE CONE,,,,2,113.8,,227.6,227.6,TIC/0264,B0018,26-04-13,SALE
90973,VOLCANO CHOCOLATE CONE,,,,3,113.8,,341.4,341.4,TIC/0267,R0019,26-04-13,SALE
90973,VOLCANO CHOCOLATE CONE,,,,4,113.8,,455.2,455.2,TIC/0268,S0045,26-04-13,SALE
90973,VOLCANO CHOCOLATE CONE,,,,2,113.8,,227.6,227.6,TIC/0269,P0015,26-04-13,SALE
90973,VOLCANO CHOCOLATE CONE,,,,3,113.8,,341.4,341.4,TIC/0281,H0041,27-04-13,SALE
90973,VOLCANO CHOCOLATE CONE,,,,7,113.8,,796.6,796.6,TIC/0302,N0007,01-05-13,SALE
90973,VOLCANO CHOCOLATE CONE,,,,10,113.8,,1138,1138,TIC/0303,D0017,01-05-13,SALE
90973,VOLCANO CHOCOLATE CONE,,,,2,113.8,,227.6,227.6,TIC/0305,K0013,02-05-13,SALE
90973,VOLCANO CHOCOLATE CONE,,,,2,113.8,,227.6,227.6,TIC/0308,H0034,02-05-13,SALE
90973,VOLCANO CHOCOLATE CONE,,,,5,113.8,,569,569,TIC/0311,S0056,02-05-13,SALE
90973,VOLCANO CHOCOLATE CONE,,,,3,113.8,,341.4,341.4,TIC/0312,R0019,02-05-13,SALE
90973,VOLCANO CHOCOLATE CONE,,,,3,113.8,,341.4,341.4,TIC/0315,M0021,02-05-13,SALE
90973,VOLCANO CHOCOLATE CONE,,,,1,113.8,,113.8,113.8,TIC/0316,H0057,02-05-13,SALE
90973,VOLCANO CHOCOLATE CONE,,,,2,113.8,,227.6,227.6,TIC/0318,P0009,02-05-13,SALE
90973,VOLCANO CHOCOLATE CONE,,,,3,113.8,,341.4,341.4,TIC/0319,P0011,02-05-13,SALE
90973,VOLCANO CHOCOLATE CONE,,,,2,113.8,,227.6,227.6,TIC/0323,K0012,03-05-13,SALE
90973,VOLCANO CHOCOLATE CONE,,,,4,113.8,,455.2,455.2,TIC/0325,D0022,03-05-13,SALE
90973,VOLCANO CHOCOLATE CONE,,,,4,113.8,,455.2,455.2,TIC/0332,F0009,04-05-13,SALE
90973,VOLCANO CHOCOLATE CONE,,,,1,113.8,,113.8,113.8,TIC/0337,S0062,04-05-13,SALE
90973,VOLCANO CHOCOLATE CONE,,,,1,113.8,,113.8,113.8,TIC/0338,M0022,04-05-13,SALE
90973,VOLCANO CHOCOLATE CONE,,,,1,113.8,,113.8,113.8,TIC/0339,H0047,04-05-13,SALE
90973,VOLCANO CHOCOLATE CONE,,,,2,113.8,,227.6,227.6,TIC/0346,R0019,05-05-13,SALE
90973,VOLCANO CHOCOLATE CONE,,,,8,113.8,,910.4,910.4,TIC/0347,D0017,05-05-13,SALE
90973,VOLCANO CHOCOLATE CONE,,,,3,113.8,,341.4,341.4,TIC/0349,B0004,05-05-13,SALE
90973,VOLCANO CHOCOLATE CONE,,,,4,113.8,,455.2,455.2,TIC/0353,P0009,05-05-13,SALE
90973,VOLCANO CHOCOLATE CONE,,,,4,113.8,,455.2,455.2,TIC/0356,H0035,05-05-13,SALE
90973,VOLCANO CHOCOLATE CONE,,,,2,113.8,,227.6,227.6,TIC/0357,J0010,05-05-13,SALE
90973,VOLCANO CHOCOLATE CONE,,,,1,113.8,,113.8,113.8,TIC/0358,B0018,05-05-13,SALE
90973,VOLCANO CHOCOLATE CONE,,,,3,113.8,,341.4,341.4,TIC/0362,J0014,06-05-13,SALE
90973,VOLCANO CHOCOLATE CONE,,,,10,113.8,,1138,1138,TIC/0364,S0051,06-05-13,SALE
90973,VOLCANO CHOCOLATE CONE,,,,4,113.8,,455.2,455.2,TIC/0365,R0019,06-05-13,SALE
90973,VOLCANO CHOCOLATE CONE,,,,2,113.8,,227.6,227.6,TIC/0368,K0012,06-05-13,SALE
90973,VOLCANO CHOCOLATE CONE,,,,1,113.8,,113.8,113.8,TIC/0369,T0006,06-05-13,SALE
90973,VOLCANO CHOCOLATE CONE,,,,4,113.8,,455.2,455.2,TIC/0372,D0022,06-05-13,SALE
90973,VOLCANO CHOCOLATE CONE,,,,3,113.8,,341.4,341.4,TIC/0376,H0041,06-05-13,SALE
90973,VOLCANO CHOCOLATE CONE,,,,2,113.8,,227.6,227.6,TIC/0379,B0018,06-05-13,SALE
90973,VOLCANO CHOCOLATE CONE,,,,1,113.8,,113.8,113.8,TIC/0380,P0015,06-05-13,SALE
90973,VOLCANO CHOCOLATE CONE,,,,3,113.8,,341.4,341.4,TIC/0381,K0012,07-05-13,SALE
90973,VOLCANO CHOCOLATE CONE,,,,2,113.8,,227.6,227.6,TIC/0389,R0019,07-05-13,SALE
90973,VOLCANO CHOCOLATE CONE,,,,2,113.8,,227.6,227.6,TIC/0397,K0013,08-05-13,SALE
90973,VOLCANO CHOCOLATE CONE,,,,4,113.8,,455.2,455.2,TIC/0445,D0022,12-05-13,SALE
90973,VOLCANO CHOCOLATE CONE,,,,7,113.8,,796.6,796.6,TIC/0448,N0007,12-05-13,SALE
90973,VOLCANO CHOCOLATE CONE,,,,3,113.8,,341.4,341.4,TIC/0457,R0019,13-05-13,SALE
90973,VOLCANO CHOCOLATE CONE,,,,5,113.8,,569,569,TIC/0464,K0012,13-05-13,SALE
90973,VOLCANO CHOCOLATE CONE,,,,4,113.8,,455.2,455.2,TIC/0468,S0064,14-05-13,SALE
90973,VOLCANO CHOCOLATE CONE,,,,4,113.8,,455.2,455.2,TIC/0470,H0035,14-05-13,SALE
90973,VOLCANO CHOCOLATE CONE,,,,1,113.8,,113.8,113.8,TIC/0471,M0022,14-05-13,SALE
90973,VOLCANO CHOCOLATE CONE,,,,2,113.8,,227.6,227.6,TIC/0474,P0015,14-05-13,SALE
90973,VOLCANO CHOCOLATE CONE,,,,2,113.8,,227.6,227.6,TIC/0475,S0053,14-05-13,SALE
90973,VOLCANO CHOCOLATE CONE,,,,3,113.8,,341.4,341.4,TIC/0479,G0010,14-05-13,SALE
90973,VOLCANO CHOCOLATE CONE,,,,2,113.8,,227.6,227.6,TIC/0482,J0014,14-05-13,SALE
90973,VOLCANO CHOCOLATE CONE,,,,3,113.8,,341.4,341.4,TIC/0483,K0014,14-05-13,SALE
90973,VOLCANO CHOCOLATE CONE,,,,3,113.8,,341.4,341.4,TIC/0486,S0056,14-05-13,SALE
90973,VOLCANO CHOCOLATE CONE,,,,4,113.8,,455.2,455.2,TIC/0487,F0009,14-05-13,SALE
90973,VOLCANO CHOCOLATE CONE,,,,2,113.8,,227.6,227.6,TIC/0488,K0013,15-05-13,SALE
90973,VOLCANO CHOCOLATE CONE,,,,3,113.8,,341.4,341.4,TIC/0489,M0020,15-05-13,SALE
90973,VOLCANO CHOCOLATE CONE,,,,4,113.8,,455.2,455.2,TIC/0490,B0004,15-05-13,SALE
90973,VOLCANO CHOCOLATE CONE,,,,2,113.8,,227.6,227.6,TIC/0492,B0018,15-05-13,SALE
90973,VOLCANO CHOCOLATE CONE,,,,3,113.8,,341.4,341.4,TIC/0493,H0041,15-05-13,SALE
90973,VOLCANO CHOCOLATE CONE,,,,4,113.8,,455.2,455.2,TIC/0494,S0045,15-05-13,SALE
90973,VOLCANO CHOCOLATE CONE,,,,6,113.8,,682.8,682.8,TIC/0496,N0007,15-05-13,SALE
90973,VOLCANO CHOCOLATE CONE,,,,4,113.8,,455.2,455.2,TIC/0500,K0012,16-05-13,SALE
90973,VOLCANO CHOCOLATE CONE,,,,4,113.8,,455.2,455.2,TIC/0502,D0022,16-05-13,SALE
90973,VOLCANO CHOCOLATE CONE,,,,1,113.8,,113.8,113.8,TIC/0511,O0005,17-05-13,SALE
90973,VOLCANO CHOCOLATE CONE,,,,2,113.8,,227.6,227.6,TIC/0512,H0034,17-05-13,SALE
90973,VOLCANO CHOCOLATE CONE,,,,1,113.8,,113.8,113.8,TIC/0515,P0016,17-05-13,SALE
90973,VOLCANO CHOCOLATE CONE,,,,1,113.8,,113.8,113.8,TIC/0517,S0058,17-05-13,SALE
90973,VOLCANO CHOCOLATE CONE,,,,1,113.8,,113.8,113.8,TIC/0521,S0062,17-05-13,SALE
90973,VOLCANO CHOCOLATE CONE,,,,3,113.8,,341.4,341.4,TIC/0526,R0019,18-05-13,SALE
90973,VOLCANO CHOCOLATE CONE,,,,2,113.8,,227.6,227.6,TIC/0527,K0013,18-05-13,SALE
90973,VOLCANO CHOCOLATE CONE,,,,2,113.8,,227.6,227.6,TIC/0531,P0015,18-05-13,SALE
90973,VOLCANO CHOCOLATE CONE,,,,15,113.8,,1707,1707,TIC/0533,S0051,19-05-13,SALE
90973,VOLCANO CHOCOLATE CONE,,,,8,113.8,,910.4,910.4,TIC/0535,N0007,19-05-13,SALE
90973,VOLCANO CHOCOLATE CONE,,,,3,113.8,,341.4,341.4,TIC/0539,K0012,19-05-13,SALE
90973,VOLCANO CHOCOLATE CONE,,,,3,113.8,,341.4,341.4,TIC/0540,S0057,19-05-13,SALE
90973,VOLCANO CHOCOLATE CONE,,,,1,113.8,,113.8,113.8,TIC/0546,M0022,20-05-13,SALE
90973,VOLCANO CHOCOLATE CONE,,,,12,113.8,,1365.6,1365.6,TIC/0556,N0007,21-05-13,SALE
90973,VOLCANO CHOCOLATE CONE,,,,4,113.8,,455.2,455.2,TIC/0557,D0022,21-05-13,SALE
90973,VOLCANO CHOCOLATE CONE,,,,10,113.8,,1138,1138,TIC/0560,S0051,22-05-13,SALE
90973,VOLCANO CHOCOLATE CONE,,,,2,113.8,,227.6,227.6,TIC/0562,K0012,22-05-13,SALE
90973,VOLCANO CHOCOLATE CONE,,,,4,113.8,,455.2,455.2,TIC/0563,B0004,22-05-13,SALE
90973,VOLCANO CHOCOLATE CONE,,,,2,113.8,,227.6,227.6,TIC/0564,K0013,22-05-13,SALE
90973,VOLCANO CHOCOLATE CONE,,,,3,113.8,,341.4,341.4,TIC/0566,N0009,22-05-13,SALE
90973,VOLCANO CHOCOLATE CONE,,,,3,113.8,,341.4,341.4,TIC/0569,S0064,24-05-13,SALE
90973,VOLCANO CHOCOLATE CONE,,,,3,113.8,,341.4,341.4,TIC/0570,F0009,24-05-13,SALE
90973,VOLCANO CHOCOLATE CONE,,,,4,113.8,,455.2,455.2,TIC/0572,H0035,24-05-13,SALE
90973,VOLCANO CHOCOLATE CONE,,,,4,113.8,,455.2,455.2,TIC/0577,B0018,25-05-13,SALE
90973,VOLCANO CHOCOLATE CONE,,,,10,113.8,,1138,1138,TIC/0578,R0019,25-05-13,SALE
90973,VOLCANO CHOCOLATE CONE,,,,3,113.8,,341.4,341.4,TIC/0580,D0022,25-05-13,SALE
90973,VOLCANO CHOCOLATE CONE,,,,2,113.8,,227.6,227.6,TIC/0582,K0013,25-05-13,SALE
90973,VOLCANO CHOCOLATE CONE,,,,1,113.8,,113.8,113.8,TIC/0584,T0006,25-05-13,SALE
90973,VOLCANO CHOCOLATE CONE,,,,3,113.8,,341.4,341.4,TIC/0590,H0041,25-05-13,SALE
90973,VOLCANO CHOCOLATE CONE,,,,1,113.8,,113.8,113.8,TIC/0592,P0015,26-05-13,SALE
90973,VOLCANO CHOCOLATE CONE,,,,3,113.8,,341.4,341.4,TIC/0593,K0014,26-05-13,SALE
90973,VOLCANO CHOCOLATE CONE,,,,5,113.8,,569,569,TIC/0599,V0012,26-05-13,SALE
90973,VOLCANO CHOCOLATE CONE,,,,3,113.8,,341.4,341.4,TIC/0601,K0012,26-05-13,SALE
90973,VOLCANO CHOCOLATE CONE,,,,4,113.8,,455.2,455.2,TIC/0605,J0014,26-05-13,SALE
90973,VOLCANO CHOCOLATE CONE,,,,3,113.8,,341.4,341.4,TIC/0610,J0009,26-05-13,SALE
90973,VOLCANO CHOCOLATE CONE,,,,2,113.8,,227.6,227.6,TIC/0614,H0062,27-05-13,SALE
90973,VOLCANO CHOCOLATE CONE,,,,1,113.8,,113.8,113.8,TIC/0616,M0022,27-05-13,SALE
90973,VOLCANO CHOCOLATE CONE,,,,1,113.8,,113.8,113.8,TIC/0620,J0015,27-05-13,SALE
90973,VOLCANO CHOCOLATE CONE,,,,2,113.8,,227.6,227.6,TIC/0620,J0015,27-05-13,SALE
90973,VOLCANO CHOCOLATE CONE,,,,4,113.8,,455.2,455.2,TIC/0622,H0035,29-05-13,SALE
90973,VOLCANO CHOCOLATE CONE,,,,2,113.8,,227.6,227.6,TIC/0623,P0009,29-05-13,SALE
90973,VOLCANO CHOCOLATE CONE,,,,5,113.8,,569,569,TIC/0624,H0034,29-05-13,SALE
90973,VOLCANO CHOCOLATE CONE,,,,2,113.8,,227.6,227.6,TIC/0626,M0025,29-05-13,SALE
90973,VOLCANO CHOCOLATE CONE,,,,2,113.8,,227.6,227.6,TIC/0627,H0047,29-05-13,SALE
90973,VOLCANO CHOCOLATE CONE,,,,2,113.8,,227.6,227.6,TIC/0629,H0041,29-05-13,SALE
90973,VOLCANO CHOCOLATE CONE,,,,3,113.8,,341.4,341.4,TIC/0630,R0019,29-05-13,SALE
90973,VOLCANO CHOCOLATE CONE,,,,2,113.8,,227.6,227.6,TIC/0631,K0013,29-05-13,SALE
90973,VOLCANO CHOCOLATE CONE,,,,1,113.8,,113.8,113.8,TIC/0642,J0013,30-05-13,SALE
90973,VOLCANO CHOCOLATE CONE,,,,2,113.8,,227.6,227.6,TIC/0643,P0011,31-05-13,SALE
90973,VOLCANO CHOCOLATE CONE,,,,2,113.8,,227.6,227.6,TIC/0644,H0041,31-05-13,SALE
90973,VOLCANO CHOCOLATE CONE,,,,4,113.8,,455.2,455.2,TIC/0645,D0022,31-05-13,SALE
90973,VOLCANO CHOCOLATE CONE,,,,7,113.8,,796.6,796.6,TIC/0648,N0007,31-05-13,SALE
90973,VOLCANO CHOCOLATE CONE,,,,2,113.8,,227.6,227.6,TIC/0651,J0014,31-05-13,SALE
90973,VOLCANO CHOCOLATE CONE,,,,3,113.8,,341.4,341.4,TIC/0654,K0013,31-05-13,SALE
90973,VOLCANO CHOCOLATE CONE,,,,5,113.8,,569,569,TIC/0663,F0009,31-05-13,SALE
90973,VOLCANO CHOCOLATE CONE,,,,3,113.8,,341.4,341.4,TIC/0656,K0012,01-06-13,SALE
90973,VOLCANO CHOCOLATE CONE,,,,5,113.8,,569,569,TIC/0657,M0021,01-06-13,SALE
90973,VOLCANO CHOCOLATE CONE,,,,3,113.8,,341.4,341.4,TIC/0658,S0045,01-06-13,SALE
90973,VOLCANO CHOCOLATE CONE,,,,2,113.8,,227.6,227.6,TIC/0662,M0020,01-06-13,SALE
90973,VOLCANO CHOCOLATE CONE,,,,2,113.8,,227.6,227.6,TIC/0666,K0014,01-06-13,SALE
90973,VOLCANO CHOCOLATE CONE,,,,1,113.8,,113.8,113.8,TIC/0667,K0012,01-06-13,SALE
90973,VOLCANO CHOCOLATE CONE,,,,1,113.8,,113.8,113.8,TIC/0673,A0021,01-06-13,SALE
90973,VOLCANO CHOCOLATE CONE,,,,5,113.8,,569,569,TIC/0676,N0007,02-06-13,SALE
90973,VOLCANO CHOCOLATE CONE,,,,1,113.8,,113.8,113.8,TIC/0679,J0013,02-06-13,SALE
90973,VOLCANO CHOCOLATE CONE,,,,1,113.8,,113.8,113.8,TIC/0684,K0012,02-06-13,SALE
90973,VOLCANO CHOCOLATE CONE,,,,2,113.8,,227.6,227.6,TIC/0701,R0019,06-06-13,SALE
90973,VOLCANO CHOCOLATE CONE,,,,4,113.8,,455.2,455.2,TIC/0702,P0009,06-06-13,SALE
90973,VOLCANO CHOCOLATE CONE,,,,4,113.8,,455.2,455.2,TIC/0703,H0034,06-06-13,SALE
90973,VOLCANO CHOCOLATE CONE,,,,2,113.8,,227.6,227.6,TIC/0704,H0041,06-06-13,SALE
90973,VOLCANO CHOCOLATE CONE,,,,4,113.8,,455.2,455.2,TIC/0709,D0022,06-06-13,SALE
90973,VOLCANO CHOCOLATE CONE,,,,10,113.8,,1138,1138,TIC/0712,N0007,06-06-13,SALE
90973,VOLCANO CHOCOLATE CONE,,,,5,113.8,,569,569,TIC/0713,K0012,06-06-13,SALE
90973,VOLCANO CHOCOLATE CONE,,,,4,113.8,,455.2,455.2,TIC/0718,D0017,06-06-13,SALE
90973,VOLCANO CHOCOLATE CONE,,,,3,113.8,,341.4,341.4,TIC/0750,R0019,11-06-13,SALE
90973,VOLCANO CHOCOLATE CONE,,,,10,113.8,,1138,1138,TIC/0751,N0007,11-06-13,SALE
90973,VOLCANO CHOCOLATE CONE,,,,2,113.8,,227.6,227.6,TIC/0754,M0020,11-06-13,SALE
90973,VOLCANO CHOCOLATE CONE,,,,1,113.8,,113.8,113.8,TIC/0755,K0009,11-06-13,SALE
90973,VOLCANO CHOCOLATE CONE,,,,1,113.8,,113.8,113.8,TIC/0757,P0015,11-06-13,SALE
90973,VOLCANO CHOCOLATE CONE,,,,4,113.8,,455.2,455.2,TIC/0758,H0035,11-06-13,SALE
90973,VOLCANO CHOCOLATE CONE,,,,4,113.8,,455.2,455.2,TIC/0759,B0004,11-06-13,SALE
90973,VOLCANO CHOCOLATE CONE,,,,2,113.8,,227.6,227.6,TIC/0760,M0022,11-06-13,SALE
90973,VOLCANO CHOCOLATE CONE,,,,4,113.8,,455.2,455.2,TIC/0764,J0014,11-06-13,SALE
90973,VOLCANO CHOCOLATE CONE,,,,3,113.8,,341.4,341.4,TIC/0766,K0013,12-06-13,SALE
90973,VOLCANO CHOCOLATE CONE,,,,1,113.8,,113.8,113.8,TIC/0776,B0018,13-06-13,SALE
90973,VOLCANO CHOCOLATE CONE,,,,1,113.8,,113.8,113.8,TIC/0788,K0012,16-06-13,SALE
90973,VOLCANO CHOCOLATE CONE,,,,15,113.8,,1707,1707,TIC/0791,D0017,16-06-13,SALE
90973,VOLCANO CHOCOLATE CONE,,,,2,113.8,,227.6,227.6,TIC/0792,S0064,17-06-13,SALE
90973,VOLCANO CHOCOLATE CONE,,,,1,113.8,,113.8,113.8,TIC/0795,J0014,17-06-13,SALE
90973,VOLCANO CHOCOLATE CONE,,,,1,113.8,,113.8,113.8,TIC/0796,H0042,18-06-13,SALE
90973,VOLCANO CHOCOLATE CONE,,,,4,113.8,,455.2,455.2,TIC/0798,N0007,18-06-13,SALE
90973,VOLCANO CHOCOLATE CONE,,,,2,113.8,,227.6,227.6,TIC/0799,N0009,18-06-13,SALE
90973,VOLCANO CHOCOLATE CONE,,,,1,113.8,,113.8,113.8,TIC/0800,A0021,18-06-13,SALE
90973,VOLCANO CHOCOLATE CONE,,,,1,113.8,,113.8,113.8,TIC/0803,J0015,18-06-13,SALE
90973,VOLCANO CHOCOLATE CONE,,,,2,113.8,,227.6,227.6,TIC/0804,B0018,18-06-13,SALE
90973,VOLCANO CHOCOLATE CONE,,,,2,113.8,,227.6,227.6,TIC/0805,J0010,18-06-13,SALE
90973,VOLCANO CHOCOLATE CONE,,,,1,113.8,,113.8,113.8,TIC/0806,G0010,18-06-13,SALE
90973,VOLCANO CHOCOLATE CONE,,,,3,113.8,,341.4,341.4,TIC/0810,S0045,18-06-13,SALE
90973,VOLCANO CHOCOLATE CONE,,,,3,113.8,,341.4,341.4,TIC/0852,R0019,28-06-13,SALE
90973,VOLCANO CHOCOLATE CONE,,,,2,113.8,,227.6,227.6,TIC/0856,K0013,28-06-13,SALE
90973,VOLCANO CHOCOLATE CONE,,,,4,113.8,,455.2,455.2,TIC/0858,P0009,29-06-13,SALE
90973,VOLCANO CHOCOLATE CONE,,,,2,113.8,,227.6,227.6,TIC/0859,P0011,29-06-13,SALE
90973,VOLCANO CHOCOLATE CONE,,,,3,113.8,,341.4,341.4,TIC/0864,D0022,29-06-13,SALE
90973,VOLCANO CHOCOLATE CONE,,,,4,113.8,,455.2,455.2,TIC/0865,K0012,29-06-13,SALE
90973,VOLCANO CHOCOLATE CONE,,,,1,113.8,,113.8,113.8,TIC/0866,B0018,29-06-13,SALE
90973,VOLCANO CHOCOLATE CONE,,,,2,113.8,,227.6,227.6,TIC/0869,J0009,30-06-13,SALE
90973,VOLCANO CHOCOLATE CONE,,,,6,113.8,,682.8,682.8,TIC/0901,D0017,04-07-13,SALE
90973,VOLCANO CHOCOLATE CONE,,,,4,113.8,,455.2,455.2,TIC/0903,D0022,05-07-13,SALE
90973,VOLCANO CHOCOLATE CONE,,,,1,113.8,,113.8,113.8,TIC/0907,J0014,05-07-13,SALE
90973,VOLCANO CHOCOLATE CONE,,,,2,113.8,,227.6,227.6,TIC/0909,K0013,05-07-13,SALE
90973,VOLCANO CHOCOLATE CONE,,,,8,113.8,,910.4,910.4,TIC/0912,N0007,06-07-13,SALE
90973,VOLCANO CHOCOLATE CONE,,,,11,113.8,,1251.8,1251.8,TIC/0914,N0007,06-07-13,SALE
